traffic_flow,throughput,bandwidth,bandwidth_deviation,end_to_end_delay,mean_latency,energy_consumption,packet_loss,generalized_entropy,gid,projected_entropy,label
437.0861069626262,133.30981797737883,33.55351153623154,0.0672702994208898,2.902779803589605,0.22713598412484892,35.93027816311288,0.007759890945777493,0.661531224633654,0.03881071695789583,0.9135780114026949,0
955.6428757689246,293.85542632026113,32.22809191647998,0.07966813971913723,4.0466184135699335,0.26304604671875964,16.89545448420665,0.03735450564622587,0.05415282787271902,0.03749132017652511,0.525360481819498,0
758.7945476302646,442.8256261443837,91.5629122468933,0.0250467898792499,3.8247885559717796,0.43454632694098116,44.8957825341926,0.1662491610179885,0.2917611173600789,0.013830167946534307,0.7249102718360844,0
638.792635777333,379.50119888430254,32.45915798645555,0.062487409960699895,0.8541095329994911,0.20300197372695145,34.52464956276966,0.15335367126766716,0.43281076726125733,0.046902896196232,0.4360482979725878,0
240.41677639819287,412.9525165376524,34.47547535157679,0.05717459831437487,0.8313224017332221,0.44134235816547707,16.28815534227817,0.07012853829142938,0.8701161549529195,0.03273888808627278,0.6300345775424382,0
240.3950683025824,346.4525150198228,78.34584361761674,0.08328303767882711,1.4140544019500754,0.08966049393951117,48.49352229924827,0.07536212555484251,0.8701380677395426,0.02454902084542737,0.3405759374211187,1
152.27525095137952,361.52445403303363,50.4765858205486,0.09060870604812606,1.8692661590710826,0.39955929674388385,30.734618533412824,0.1067108867107159,0.9561930418187523,0.040261543339812265,0.30115901978544535,0
879.5585311974417,432.1380432043937,79.9039501259663,0.0012156771477386807,2.101432348901565,0.43139643487463136,12.915938074866201,4.8200937026909867e-05,0.14682062324501088,0.020294618336065363,0.5782297861695137,0
641.0035105688879,162.35060398663367,15.882954180794671,0.06740199190587927,3.430516362483392,0.13181794377680245,35.07331617660269,0.04824886720760557,0.4302420046866934,0.03774039348185282,0.49812967418398035,1
737.2653200164409,270.2412336394132,53.88140743060459,0.005183579911972902,0.37773411761259346,0.2436559395674902,20.127956280512407,0.04164636172164289,0.31729874322239715,0.01158844830288989,0.5795363691499811,1
118.52604486622221,149.54424881882102,13.025224016495436,0.054885866507735595,0.26989625070772527,0.12447489859864504,42.1477380750921,0.050096589349952696,0.9872297148062787,0.04357632150437088,0.286660581287023,1
972.9188669457949,494.45060359849117,15.638788310981907,0.028763272904367823,2.0203617584251545,0.367971858047398,42.712882942647624,0.1611811685066883,0.03297711280772608,0.027926833880852743,0.36695783181699526,1
849.1983767203795,474.826702858976,91.57937080099698,0.030677659952214123,3.5161020914761045,0.29090649562774556,49.15789423418647,0.05593477130928864,0.18351674460809264,0.03546771657431767,0.08389796062890931,1
291.10519961044855,67.74206511582766,22.532083400583566,0.035295850345235656,1.0478331804867647,0.33589550601874446,30.074781240980148,0.03830426441002963,0.8181703344094521,0.018849512792267348,0.05227637227220572,0
263.64247048639055,367.5088276320598,57.91786140476954,0.062129244904961016,3.2433719581556337,0.13841913513029502,28.198275189109484,0.10085269215860632,0.8465019676253753,0.03708294850633792,0.25345712967301626,0
265.06405886809046,466.36174283704963,46.99860423406359,0.03340499656687692,1.3731578759074676,0.14528563792358878,40.13902421785922,0.1731290072745464,0.8450459542642066,0.04088961103573106,0.07424685933054576,0
373.8180186635839,131.2589053073001,41.26089936329584,0.07326990505902804,4.44182193318623,0.06867379647945787,15.298826253677063,0.04826994076749998,0.730535312786162,0.02892852747537595,0.1037747086347407,0
572.280788469014,305.57535374868326,90.98500111185452,0.04045273855738697,4.488880726906421,0.1949303908380784,31.87662055172497,0.01570724855855974,0.5095124324879401,0.034709076962471774,0.8129284053939371,0
488.7505167779042,461.9697339146188,11.964105709794055,0.006835320030995862,1.5567073009785,0.30188509760015375,31.849904005234038,0.07128094716993294,0.604112454072577,0.028253036952895945,0.0388736970166893,0
362.1062261782377,65.27569036360948,69.74107175580302,0.07837598424841073,1.2269693944198787,0.43607071129879793,13.578924912415488,0.14953036491299557,0.7431337481570747,0.04576365477031382,0.6589427939347428,0
650.6676052501415,363.83912026107794,96.70549907921954,0.028575832459270603,2.1153894631245334,0.3501173513564063,26.719363420276544,0.11013810893895892,0.41899963814077656,0.02991476722057277,0.2725577488154005,0
225.54447458683765,183.80705331764784,60.41513651156578,0.043276687959926265,1.278604767382729,0.24592834552988813,44.131391942688076,0.1633586739148695,0.885055639531265,0.04367234836115276,0.8715456807081264,0
362.93018368169635,465.9782879194387,94.31402158297827,0.06854438832219016,3.3946808321293482,0.478904051477362,44.246144879786414,0.1919184295218468,0.742249319899582,0.04205408233080995,0.48499228457749954,1
429.7256589643225,486.9762103244155,14.703209135742139,0.0332456157148712,4.147716954286599,0.3736603402591243,13.969506596787241,0.15853249535032343,0.6696365529091373,0.02642019285393426,0.30557645932782573,0
510.4629857953323,474.91992010104525,47.69139871667453,0.005658565614671563,3.3981514414649636,0.4685743412881475,13.628835309913235,0.12076061576875069,0.5797222924360501,0.019203379674299,0.5176389356894345,1
806.6583652537122,263.3963974958587,33.414201186584606,0.03739210470128136,4.139317191521813,0.28741458797247454,20.50781908007741,0.0986683176104761,0.23464878833811176,0.02624328530239084,0.3819580190452688,0
279.70640394252376,437.91919294519107,75.77388684826568,0.09444485826943035,2.0452615948166235,0.16650692365691283,44.99064250215974,0.008013817269653334,0.8299810581443471,0.04304869503100881,0.5643010646698302,1
562.8109945722504,430.04722934078166,98.31673814475221,0.06417343972985583,0.8659531564734182,0.0737720088641249,15.156103402939959,0.19686439576280826,0.5203382054997143,0.019105301432775695,0.11453286832634824,1
633.1731119758382,193.59521295946504,33.0877056199823,0.0671479148667207,3.715959642248202,0.3767381831677327,38.79987210509785,0.07669622451500852,0.4393345846751697,0.030977453834309977,0.9969905028125511,0
141.80537144799794,423.0119633678048,68.8757141326667,0.06322821536376398,1.8663250751936142,0.10458634910249036,14.046624784524129,0.03044564278337336,0.9659597733832606,0.042243869918429905,0.42555587769671754,0
646.7903667112945,66.65343562197168,27.82878694837661,0.01989921389594368,3.3892270436227494,0.18624880772238522,34.92551414991301,0.13334177107929135,0.4235127836005854,0.024139099005135153,0.34823063970736867,0
253.47171131856237,318.32144531692387,60.879722911444894,0.04183338641022802,1.426155315710652,0.2896119085477538,24.242691964765793,0.05685765781909187,0.8568838078464543,0.035688385480107894,0.7102098483162649,1
158.54643368675156,153.50397677946637,51.75392380195026,0.07509397983633183,0.4980252105526961,0.30398746450088643,41.55655851863468,0.11715565418620953,0.9502888190252697,0.019825262961952583,0.3638994064953325,1
953.9969835279999,104.25509859977547,97.48047966683833,0.010137289755315915,4.963650797890041,0.3202624386442112,19.347617953014545,0.11735358156891824,0.05616772507275147,0.014371177814726396,0.8332743050287577,1
969.0688297671035,84.62894073314412,64.76745454268199,0.027785277608971228,0.8653873888599365,0.1248148986573653,35.56807317559839,0.08914596418057384,0.03770038895388539,0.04177536900371426,0.45427072436042526,0
827.557613304815,363.3299491451629,41.455573487813695,0.027631910846585363,4.943262870421057,0.22088183216974194,19.4273013830354,0.16722372310900854,0.20957095201710219,0.013958744936348274,0.7195584132654349,0
374.15239225603364,202.94373369562976,20.268620639914005,0.043201892759450605,4.888671669575592,0.32773740220263503,38.54641132448615,0.05299341231108861,0.7301747777981421,0.020855255803183384,0.10745321644188655,1
187.90490260574546,376.1450471879427,23.612214586144113,0.09803687409421852,3.9897087091493946,0.48641848908520313,44.94712138242995,0.08972651832354683,0.9221573068746413,0.04420437687989761,0.8461191855551118,0
715.8097238609412,79.41035335952407,30.27852369561116,0.006750254668382194,3.3311725142017883,0.37743401196485993,15.072071965070402,0.1075384257181943,0.342651620804601,0.02385877148314669,0.7357179867781098,0
496.13724436564115,191.88065202377464,32.58699952062682,0.05187009943805951,2.9312545462303152,0.46517169069228104,44.66382754382014,0.13272494415345992,0.5958312884389116,0.04892181398056645,0.21171677846196568,0
209.83441136030095,292.77108156890176,86.5554452057024,0.017936468201221047,4.3438975723513895,0.3929954262413797,33.743010176571914,0.1567943701011179,0.9006704802793493,0.049189373390954395,0.14528600974578665,1
545.6592191001432,405.8254241775336,60.510050945427245,0.09706765454097442,1.518253655935491,0.3162726360015802,15.084419634680959,0.07896145657565122,0.5398824799274916,0.02073104081814227,0.3162923487256244,0
130.94966900369656,193.43862631943145,57.10518202369298,0.011330350472746421,2.391637941175898,0.13641051611135505,27.10167421438848,0.1292093888193192,0.9759590701476588,0.011639128889995617,0.9760705860319043,0
918.3883618709039,331.6511193966541,20.32919846822957,0.04036010023615913,3.1350108498958598,0.3500085433516309,16.434411739403917,0.030122190613703827,0.09965013357774732,0.038202531368215165,0.25683157456705863,0
332.9019834400152,448.68998670628423,87.41257240144915,0.07378849848346063,2.1148333317605066,0.33052080468195816,38.01391555466278,0.18652962010849572,0.7742876112821998,0.02803946010593375,0.4561272089466333,1
696.2700559185838,327.13843468203703,75.05328728876353,0.07045544280274453,2.1946836250423134,0.3211111267057699,40.35472537671799,0.07661176128420072,0.3656534889169154,0.014030113758383051,0.030020225717336313,0
380.53996848046984,154.8317636391352,16.090152571000143,0.04227286368939323,1.7183948707602137,0.27040364059470834,14.231860810911957,0.1459042843952877,0.7232785502139365,0.038300912759121716,0.39722752956623253,0
568.0612190600298,60.98035170044211,73.70515875067917,0.034652416795271826,2.864735901754227,0.28789547179517405,30.245594107785774,0.00406821637643553,0.5143392400605022,0.011246996364476848,0.5713200154331027,0
592.0392514089517,441.54449325541844,58.918439560838145,0.03976123785528706,4.267815187274069,0.20049913720314683,42.58500224103669,0.041037428580961405,0.48684664508922304,0.04480786761968969,0.9531246125079651,1
266.36900997297437,59.57123488267421,17.355281117210044,0.026427626315863928,1.087489052230933,0.2836907116890364,47.446521662039856,0.0974165088647156,0.8437083573641289,0.015546101164532148,0.5167360449400644,1
972.6261649881027,443.6157527078897,51.247057737579084,0.02053329387067998,4.678721889891863,0.1389001575553152,30.540714669670802,0.17565049354646933,0.033336286857469144,0.015092475149869,0.8191073261776878,1
797.6195410250031,288.02171031224543,53.622665841704226,0.048303969755889,3.4765295033663257,0.41232847881216955,48.01116894445628,0.10545102999013543,0.24546883846039058,0.017026891918743382,0.5471276425689006,0
945.5490474077702,472.5804643308033,24.91970861469482,0.026853375606760734,4.134038742132148,0.1335996296144185,31.42755881824119,0.18597409645877583,0.06650269146424237,0.04841065433968266,0.0407850134355181,1
905.3446153848839,409.4524560981494,95.11283323002542,0.028746166489725014,2.8253343938870574,0.0882348304502599,25.767619783996317,0.09675937931655927,0.1155247453276046,0.03772677441015384,0.31500827518977403,0
638.1099809299766,499.07034974000186,86.49778343325957,0.06567560634745571,3.9196318369779113,0.24631071186072084,43.92812514211582,0.09808981934719,0.4336036870429266,0.04205486141854547,0.5755495078311033,0
929.6868115208051,207.82031695326958,70.21201035961974,0.09685373316998923,0.17938194696338933,0.34623834777772783,29.719308418323564,0.02394935770010638,0.08587626572508833,0.025905399429310125,0.9505939659311243,0
179.64325184672754,395.2347300190071,51.606600490054646,0.060363720055937514,4.110064081419723,0.24697257122009364,28.876100422580922,0.16053124883044398,0.9301511671637482,0.02345250910019822,0.8591303597512333,0
276.38457617723066,230.86891112415898,47.05889874260576,0.007697946706496628,0.296680409518296,0.17453935937808887,29.612499576393134,0.0493930824934125,0.8334094459465835,0.0193793602713268,0.22835561417884764,1
140.70456001948426,265.944029136759,68.58761204358588,0.007558361385406698,4.460575544178027,0.30117703275069835,43.87140007478982,0.17992249787446302,0.9669798102901328,0.029225921132496356,0.2201098300191635,0
392.7972976869379,332.37745844826657,59.088868246621495,0.0951423220845566,4.960617461469353,0.20615105093548997,43.27766166752208,0.18216484406607925,0.7099986281208509,0.03207314934136674,0.20117296711390076,0
449.8095607205338,443.15470138385245,15.604579529369705,0.029729079030733366,1.5409305646662115,0.46979046055698487,26.140799697608447,0.18866202237482996,0.6474748137876204,0.035270993746110216,0.9224988963025031,0
344.2141285965063,492.8375611396828,56.12523838932985,0.009206698608247544,1.130560925800389,0.46519031282160744,23.331994394821002,0.10404609782061801,0.7622657940985347,0.02028474015994778,0.8526661531017207,0
845.8637582367364,395.7230362390332,82.57632555095556,0.05990445871503816,3.8502804829043997,0.27606731898744297,29.677120961565173,0.13541875695672886,0.18753708180912043,0.04794616323611963,0.7748834322529488,0
421.07799402423035,237.99505197530019,51.33158898372623,0.06236487782902661,1.339829070509241,0.19754779730821637,32.91090038948436,0.15570317601233272,0.6791342564456644,0.016790339928285436,0.3927351142242276,0
352.84105871864267,239.61065102468157,14.676091979884157,0.06485048201186881,4.3412556775437965,0.38170958628048757,19.533488425119877,0.02620292373009312,0.7530586342771921,0.04862612699065649,0.5043807042987668,0
588.4264748424237,381.9120357150012,80.76503794456298,0.026740202785754133,0.6039287015716359,0.06652082456738,41.75820338862363,0.12019143899949945,0.4909987912281438,0.010594244900300151,0.4643317447951528,0
226.83180247728637,157.44971559573605,28.122740392237695,0.0015110684214475036,0.7171804622588555,0.2636460527196431,29.459310629296915,0.006859580260662335,0.8837683939393732,0.029245027672673826,0.25339810755937264,0
821.9772826786357,99.7133509091276,33.275875139923485,0.09650153694544719,4.897842619993017,0.20134552742165007,23.361821936798385,0.09951321667774518,0.21627514167122874,0.02333471352466251,0.505028046148767,1
167.09557931179376,209.57997093834945,24.823571808906628,0.025089304569110252,3.401810601523023,0.4642411482961496,14.272839718559624,0.030968536324045483,0.9421779817904528,0.02796493655721003,0.030496547852754463,0
988.1982429404655,179.25754624433677,39.71935583843478,0.06760262880525475,4.249747399701869,0.055401362272707144,19.553806416144276,0.03658458519241694,0.014208873781295761,0.032826583159231565,0.13181037349745917,1
795.0202923669917,183.33865420519555,78.10763551197715,0.07066298698787096,1.6892139490224385,0.2987666940732571,47.97124687023935,0.07300951333852031,0.24857736018086063,0.02742356632050836,0.8865895961689464,1
278.8441133807552,155.1234879724595,56.744727355354364,0.06100074170794857,3.414770372650962,0.3832986114799817,22.203987472781066,0.08648743334330061,0.8308716032233912,0.026593874012063798,0.7516797670314233,1
104.96990541124217,68.94193533636285,28.43931467356413,0.03129073942136482,3.0117849538121266,0.26825809438581855,16.754371574681414,0.12463448490643746,0.9992952094964735,0.039308936616532265,0.42286840905908707,0
833.9152856093507,58.04327063003622,89.00470703368367,0.027109625376406578,3.0554355886024407,0.08843136357322476,28.42691166619973,0.014885683687703134,0.20192572817605203,0.037435051003458585,0.5171503622838772,0
736.1716094628554,494.4750753812142,89.16236694563763,0.059766828270270314,3.444409051734836,0.487607625512556,22.283509734409947,0.10073835224748894,0.3185934959857948,0.043330851281433914,0.36999888595997743,1
756.1064512368886,242.49791018113805,88.35205825414062,0.08660956336116915,2.9192599483325834,0.28310469411924405,11.406370010847766,0.036525026050620225,0.2949549473321581,0.019998359249579822,0.7407798671606725,0
794.1433120173511,222.94699122185676,31.491659024338535,0.09467337289233957,2.2024056095830633,0.3263838099435551,22.92580869117669,0.11479503500634838,0.2496258697102326,0.034381140390162546,0.7841871792320796,0
166.64018656068134,355.84127721188145,50.61154097628893,0.010590580440375764,1.4520212024646797,0.1564744022183783,31.764344957578743,0.12748092245223672,0.942611776015231,0.03340779141571416,0.7632851902031591,0
422.61915568984534,148.21424953927888,98.64906905267875,0.015482861259771986,3.8660485214746902,0.2675741382980617,32.06849488079868,0.11134185131057078,0.6774436123589822,0.02478951243490755,0.7226117248344496,0
204.28215357261675,477.4825327776014,79.48112286789913,0.09447362587830797,1.2087349070156126,0.24311727138124484,24.262356847075548,0.14765910209566155,0.9061459565660495,0.029442301676107237,0.20450433869279583,1
876.7930832880342,403.8552564869984,12.445067910300384,0.07365352283347926,3.49253610015663,0.08370312890089268,27.892110250104025,0.06712184884818027,0.15017004371593368,0.02255128573222915,0.3379699792404788,0
660.9683141448021,90.23495104051679,15.868413213444285,0.0882993824829773,1.2433308309817008,0.09777215909636025,48.62071672939066,0.1530213183266262,0.40699208844056667,0.01567377590467941,0.4698454349836749,0
397.80822236738425,237.91134910321776,51.75382391310995,0.020263263413534318,3.1641178327768245,0.4268626338284485,25.093939089212466,0.08655341634163874,0.7045523972103307,0.018552048426509316,0.3307929914276556,0
157.20251525742128,445.6032384029741,91.82981852754041,0.05875858711094019,3.760683508932242,0.1579189784929656,20.32907253039932,0.09683689966451936,0.951557402764913,0.014220545856048043,0.754940200158329,0
379.88408954409596,475.1294100311346,58.48316181574428,0.07011395944174736,1.1716980556420422,0.13773122217438374,19.738681762670403,0.12962042545221428,0.7239874316343861,0.037322783007604964,0.3293535242499547,0
392.66498982407234,260.3306800624414,54.80312572308612,0.06801118854469727,0.39372217422041056,0.2772101530625627,28.310584508165366,0.003671676799844792,0.7101422954264567,0.03642909572436606,0.13823208678533716,0
756.6455605042577,326.0351251448185,19.492632996096752,0.040815169086669816,0.741771340671453,0.3959362091131308,40.38080594867776,0.13079884428404967,0.2943145301564216,0.048024254863194914,0.3990404520483041,1
673.8017242196918,125.16527574143385,69.11020942518647,0.0015394891691308478,3.069385139628025,0.07787593336054457,18.239527367538926,0.12371702981442308,0.3919972358173288,0.03918713654588965,0.9799144327823803,0
898.4914683186939,496.0258817616394,83.9892844540203,0.05829260568042632,4.262287390506104,0.3095635638372151,38.371845085630724,0.061969423350655986,0.12385352061475807,0.012081833550245257,0.2258814129335759,1
524.9934326457544,154.25226562254954,44.23780067568061,0.025310153917960876,0.3204844240535794,0.103644699278258,10.845992933976651,0.017158856979897896,0.5633191553943582,0.04536980695715817,0.6121586589432291,0
207.63482134447153,474.2292983608065,79.80506658327947,0.04502542461428904,3.697341169304067,0.06640747287152832,26.75731911935784,0.01818708998260823,0.902842422973266,0.04450700651782903,0.4329730498397063,0
741.9203085006955,342.3409920465658,96.80289885107304,0.09575810150838174,1.7724613651552557,0.07373477847299784,41.03460260811147,0.18464474939704573,0.3117852688391819,0.02773281283090795,0.07102456764932663,0
784.7065437552077,323.48155769548663,28.338981321492017,0.03990353176424347,2.4447890126056606,0.4253738486937986,23.549318230977256,0.13785586424516744,0.2608988050080282,0.03343452202111686,0.4878766059980595,0
605.1494778125466,280.70982995742884,57.09966680752672,0.08398016066644268,4.651411794243272,0.1030876176326277,32.549484057815974,0.02542052275414808,0.4717504464762682,0.049043133298900754,0.7021643286483125,1
793.8704619591049,153.8014152729914,35.8424162276118,0.018854060574925113,1.726660373205643,0.07031811398553138,18.199169313036432,0.07134463386178128,0.24995205594459657,0.031292174553926654,0.5132199758278188,1
544.4160367279517,129.43761440247872,81.35689771304554,0.06724604980250289,2.380150976303482,0.24705494921431054,39.679815645046894,0.11849659878031929,0.5412958417940645,0.046212873135043596,0.8721060637465811,0
570.4595464437946,149.2187940815789,61.98340292930418,0.09770069544389436,0.16704383232733744,0.42979706237391113,12.091164130750386,0.16711434101812975,0.5115963657897266,0.013321550312407457,0.28893701665758265,0
484.78691652269464,133.89721796491455,67.11241757952735,0.01018931008729368,0.49983372802370807,0.16808376942018588,44.10170579502002,0.008732185742601706,0.60854884524178,0.017642074748347315,0.08624917130396492,1
122.87721406968566,400.813013105039,81.81227436543047,0.0008319942227192012,1.367098796560442,0.2397706778866624,17.927855456866727,0.04732662629400178,0.9833044010327783,0.027630197737652712,0.9365656116580061,0
197.102284293974,207.55636662502855,45.63734253962094,0.04335827926326144,0.2364759800232646,0.06796513965368806,44.97592126833323,0.17794979805907601,0.9131915958882667,0.03339027233349219,0.378196349528219,0
128.28626711806083,76.02920445352837,92.3581061566339,0.00926254830513672,3.19373909763643,0.25208533136069416,24.101169652020694,0.001833110036763297,0.9783913748883356,0.04264911407451201,0.5764055514536334,1
672.7693701374023,486.0961835633651,57.9725980521526,0.07483843496762314,2.1893519483279507,0.30992588628671014,38.907342978979464,0.040279820558777484,0.3932048796835341,0.049530484605727475,0.792003126130196,0
382.920382968694,447.70364823354157,24.21593405518132,0.09145486638485589,2.7859114933673084,0.30690817418846517,22.76901191144754,0.1918048351945932,0.7207042945595866,0.02555405985896466,0.3243136638755806,1
557.7136220482325,467.48852743784585,72.63092063519221,0.043402097270875885,0.9557712108920148,0.19959201147846434,46.236466849385906,0.12268036930443423,0.5261552242312869,0.011896625445603397,0.7161645381776112,0
916.8098265334837,497.70852019089585,81.3935215394429,0.0258711642155441,1.5500669442394193,0.19198993129841097,15.065485020734975,0.05233427332750129,0.10157279868933888,0.042046860131812996,0.13541884981782804,1
324.36300623398745,128.25286214876928,38.5085509360774,0.04344033190066098,3.3527399267783533,0.09798062852146905,17.14079157090395,0.013398218879169522,0.7833227435345025,0.034175228763312325,0.29129374720550527,0
469.3446307320668,228.30890850619645,87.14613312988777,0.0723447817850001,4.829983345788959,0.2150592442908208,29.721205006352093,0.005638268089444432,0.6257846204489961,0.017941714354728067,0.1447106361365199,0
779.9960246887438,391.2073140668411,91.55289292891898,0.0009054161580370979,0.3470421906508251,0.0947726009928341,13.277537561525845,0.04894901592738546,0.266519278143589,0.029793138264856807,0.8112305584013578,0
305.9183489424602,363.2092781242065,34.921403864002805,0.05894539894846972,4.4628831721908035,0.3949681751204232,17.839207388070477,0.1762971639177821,0.8027183880027825,0.03969240982134897,0.22264923522678537,0
169.2819188459137,119.25315785293478,98.51693254436998,0.06132916848873791,2.926717886424922,0.48482343398668365,47.75065528848057,0.0831827308595019,0.9400926546962474,0.04081647148274575,0.7174035554052103,0
360.77630762239124,417.124906245778,22.664037524388256,0.06376882468959355,2.8632058771025566,0.4865335055000181,49.059586445915485,0.1440666738331986,0.7445606540551801,0.02998473647995048,0.9432983972456526,0
245.09915852860397,150.9982573264973,28.181410156224096,0.024202207998087723,2.551364822518026,0.4392819947189272,25.050373173216876,0.18365700707599156,0.8653825337986202,0.022208581205154364,0.527772209068877,0
936.7278871083157,150.7179266701804,26.580235531422353,0.07140527233781267,0.4400310209304986,0.3203564672028286,46.93144084055743,0.08160809232056332,0.07728170423510616,0.04894970328153974,0.5400291922606877,1
827.3083416079753,291.6384903020361,90.45907390070833,0.00913914863317764,0.5403965735071873,0.36538956375974596,31.79298702693727,0.03825547420747941,0.2098705514812914,0.036534504438259716,0.46103356809781204,0
670.0633808593811,316.8229706787664,68.88632970924657,0.01992703364668008,3.044468827729522,0.17834261120618633,20.789698634950682,0.1034235861713839,0.39636916391996957,0.026329500773851947,0.32589014339364275,0
884.3145311689459,311.038793527015,23.68938549000456,0.0877470046654482,1.770697000034236,0.3338466890776793,38.095948843223944,0.1816167374119709,0.1410571467004198,0.021218528968186098,0.4756550309249171,0
823.304869209203,91.16907682898969,49.62910765315141,0.07387231507265664,4.594613526230635,0.25504229724794486,36.35607226299429,0.16087488282754014,0.21468071716872317,0.03924411932014248,0.6028075322667594,0
267.91305299743226,444.85738818367116,65.37682225628218,0.0013745554011345253,2.092293633061414,0.26690780289961963,49.56501276434933,0.013165968672630757,0.8421244017652626,0.01968733782375071,0.9859915721706594,0
903.30309864098,169.52001916491773,17.511767649044497,0.02483762603698002,0.8020791476429413,0.3909994521688211,20.60189149637133,0.13851456001551637,0.11800669157974497,0.016868399558947526,0.9377645593182242,0
585.4080177240857,108.28171457726188,89.41747315666049,0.021440648299316457,3.602122284159977,0.17686326001876324,36.88238010646941,0.11437950449179075,0.49446524134644465,0.031193355558482815,0.8621529582931218,1
826.6961396476563,449.93663594103975,82.32431818973816,0.02708063280369726,1.5374317650609484,0.19311782526253396,12.080950201177876,0.1814926352692851,0.21060630691326465,0.021599495705765675,0.8891305357048583,0
906.4821699311439,480.043174203389,55.46860962189744,0.02475597702798864,2.674804506043877,0.4660888060078865,14.545841547868775,0.02449628337005945,0.11414146772599332,0.0351562057969446,0.46784918329204295,0
386.2031274746775,437.9574277694528,97.04139537332534,0.006252629574284574,3.5193806489753334,0.07530093268293751,10.156734998043731,0.10680722264093133,0.7171504534742714,0.01471754699496934,0.6574443271774648,1
199.04673207490907,414.28223362619514,47.59848813475897,0.045894051659682036,4.511294144890145,0.2685354342860032,49.97842724238693,0.17589253870237848,0.9112874606416124,0.03619764418269286,0.8950667229362141,1
305.1416462877475,344.8588912875598,98.56992871328481,0.07327334747861651,3.9817368545282132,0.4607603601835378,42.09094788589911,0.08200475734834861,0.8035314079575352,0.02133186111990809,0.39295076499135306,0
484.3970097636307,297.8858167741127,70.11279989232644,0.06067317247174364,3.414169232576348,0.32466335351817066,41.468920589341636,0.09639898354657342,0.608984989369211,0.01000971737738051,0.9617624783454688,1
836.2132893302438,89.14404196013456,67.12041459285473,0.06728716685980798,3.4302025937362037,0.29588318339545944,30.38904301152719,0.01409213553339166,0.19916047411346782,0.015077442306967056,0.415786062069183,0
874.6575249307091,233.80394588181443,24.935940576620652,0.008114917853623916,4.735030755757224,0.16238488065320986,22.0026833162176,0.05562872808978217,0.15275563326536012,0.047344615113403765,0.6010826653932156,1
106.25691747807163,217.70983265554128,89.37349824741796,0.09514907101767872,1.5495380777330268,0.20447397007900175,16.050571378507037,0.06490132983378948,0.9981609121093109,0.04469418556461432,0.7098047132723719,0
559.6725723198092,166.8892026921468,48.474071912855365,0.08384918338430249,0.1054492615613183,0.4334217871121118,21.386989553858548,0.1890244897489774,0.5239205643821822,0.019344361281449472,0.9505920130759383,0
475.6699028339011,375.5390511598632,24.60100652042314,0.08050903184956627,1.4325773410511737,0.3016481592958062,25.038848877165563,0.056533472108231814,0.6187341434039544,0.04113487618181965,0.24461627405226605,1
299.8970294236572,273.1440807854469,11.134676797818313,0.08229838050417676,1.1676677601710457,0.28163398719055094,40.25240387921176,0.0921737470539304,0.809013156698478,0.03434286372695897,0.7461309782386423,0
207.87883060031453,86.47079715844157,60.37801152745443,0.09327105081327614,3.3429894670585916,0.09481087109301302,31.586471556126096,0.13426088471285597,0.9026016589820044,0.048836188457994784,0.5208155861440822,0
403.8536542632652,149.08244087741508,57.46596599104087,0.054425396611369775,3.2051868388510925,0.057212670404805405,13.099345062219307,0.03243667448157548,0.6979687186750552,0.024944226381362365,0.26855714062064107,0
948.6187335212672,357.46644364681816,74.74182601322427,0.02002820178676259,3.007960775253147,0.4836583349091721,10.721160358356489,0.0972884774283749,0.0627486781578841,0.03725842450068685,0.7766068397963906,0
390.8826388186797,84.25888677063509,90.1232247716022,0.06167836078525412,0.17959287172632316,0.21964377527907875,14.093287181362527,0.14770780789518154,0.712076994593345,0.012541428896956744,0.5522222801738466,0
566.9115595690295,433.0431113219459,17.146592617872656,0.0742881493667939,3.671012466808173,0.3214458779447769,26.419948547895174,0.17337104260541322,0.515653502488274,0.025849893872656238,0.6609738206496758,0
732.7170630056601,272.81593715628844,75.83468413063261,0.07379173933540255,1.6852990211789087,0.08587178293427825,47.32771668196073,0.12525185493248533,0.32268138204476526,0.048552706447527225,0.322901068577901,0
427.26664214136457,266.26395979699157,26.8670749687824,0.05214490241668801,3.358774346132493,0.35740142857537094,35.496099248368864,0.13381070306338957,0.6723400647378044,0.03155923497800482,0.481273951827605,0
974.6038744488646,316.5835030967829,87.23593478414476,0.006845871933357806,2.8272342996605517,0.4696550189176824,42.073035995020604,0.025256694516913793,0.030909176548518102,0.021515180133393784,0.6173542509880671,0
966.2025654479002,421.1064346663171,83.71571624754905,0.03711129384301278,1.7793815345967454,0.30904936384883885,28.654983780181944,0.18915529944926945,0.04121521346125823,0.014810838525144275,0.404910814269844,0
326.60406624282774,206.51414355598686,58.671437948698994,0.09207666084633574,0.759423708810128,0.10675189506893476,24.466643327801712,0.026514815496896472,0.7809548182246302,0.03814113360726122,0.1983725398477013,0
547.5236553031468,355.1072686515786,73.92185187609803,0.058444890975742604,0.5626525985363567,0.3117746873630645,14.33601490866491,0.15493458743635968,0.5377619942367856,0.03579424173718907,0.961640492315304,1
370.7904788350927,304.57938379810594,38.29151018653735,0.05383319432557135,4.174439832249895,0.39485624589709356,45.037320887448196,0.052963264355663765,0.7337976022940853,0.024957548544150984,0.5114675400426174,0
356.35644493972086,170.1627215762396,52.405110903953315,0.02688535143821935,4.600147956199634,0.23288744145830842,41.32640116111611,0.18671862874025033,0.7492973450338632,0.048037654074633375,0.7339203702877005,0
133.1982526190795,445.3834938598211,83.94732079394245,0.03684489199165789,3.283961429145068,0.44592698657366053,16.724723903909005,0.1439919078738959,0.9738990163940346,0.010888112519514014,0.4110471935560581,1
648.6079005819072,408.8417097231177,51.33386774558925,0.08953460891531693,0.6068271628163685,0.341907329010814,30.490422555050422,0.1507627425956738,0.42139760484915056,0.022148954065273032,0.35513176402571633,1
552.4111209059754,346.3033255962915,42.20184387928976,0.06664630475268357,2.0699333627523795,0.4546620132301411,29.494992316849796,0.043811834611976665,0.5321986319381734,0.04684277945198326,0.407164298467125,0
146.33087612499043,432.76177809240886,54.47912025252699,0.0787387026752333,3.671802080515271,0.33057739006130177,35.003662107461146,0.08860799532703217,0.9617524682659725,0.022837417532777616,0.4091966437856498,1
350.7818178129503,440.28239043191104,84.54243271934965,0.04543454230676552,3.921122331649334,0.10907958740217091,47.84747575965045,0.12356263891785729,0.7552593904289057,0.020090113354206816,0.5441801159419536,0
917.4392973699884,368.76333952176566,40.16872426337855,0.0630247219456158,0.6792712492263341,0.1893612699973351,33.190857670499184,0.1539947236413202,0.10080615028761919,0.03136881639724989,0.5434698699813632,1
315.6057016002752,426.6559977636524,25.63854338221694,0.024838360874320755,0.10015052234237384,0.1408077267136056,31.608690671144743,0.020791875182477916,0.7925525180366428,0.04295206999682152,0.49715381588287166,0
230.40538488210078,363.8621577511776,74.08126182977027,0.07054608302834862,3.589471524814965,0.458971923972588,12.012917317386558,0.1924730632909057,0.8801890972834383,0.014125870435134443,0.1347857849174381,0
540.5074842498068,356.0633472921352,84.33803914372736,0.042760133370333735,1.8473212623324078,0.3921800302793672,12.516299040720957,0.17804413411091122,0.5457365523770199,0.04772082838582945,0.49607547850053113,0
987.0854086995406,328.37512019683294,19.057373067118,0.04425455148147456,1.3469585249294753,0.3543792660095027,17.493871653071555,0.05406971809911687,0.015577059477247523,0.041802915247246566,0.1691039004206515,1
317.84974436035037,388.72248780093855,31.588670148035025,0.06493223245768817,0.16319760196867467,0.18543484383422976,11.298830867669931,0.1645520486064664,0.7901909702542538,0.01725001022206208,0.12613578629576516,0
704.9219926652906,121.37229738188317,22.77747907848945,0.09362806214689268,2.7474670931313487,0.1328201474225961,39.7341158228005,0.10366478460796469,0.35547892429603256,0.03848031844792651,0.9326457173411677,0
785.4576537958458,446.3918416395178,41.31472704239499,0.006400634660862093,4.270638603587311,0.3904029895950103,38.933212159758526,0.09236129631240374,0.2600021916340979,0.025398348905502285,0.6049500131477042,0
313.8737895931597,442.3295874853544,50.53158810148714,0.08247432373470076,4.792395066735681,0.2633710756455859,15.442249377265718,0.06288682116228109,0.7943734204419104,0.026091787123052747,0.6594900581245843,1
755.3947137506736,63.16127736555161,77.39437032669758,0.029238311041219312,2.8721502580051177,0.15160529846778312,43.443156031811235,0.1161937173263185,0.2958003408566344,0.041331603697554654,0.4017936703333638,1
431.0048194473279,421.6175377541432,68.60328263935068,0.044391945450637786,2.620860505925482,0.3274798901743738,16.191441393844478,0.14597782354071956,0.6682293409429287,0.04851139231922929,0.9089808919148642,0
669.0752475342215,107.99144036305034,65.8835710730588,0.0021913328775008956,0.5167762888972814,0.0681502334623034,22.047023479894353,0.08218658099255166,0.3975242268561284,0.015066234913887758,0.6379304895796655,0
670.1767396848053,200.80348441661386,41.71374519486889,0.030104607783431304,2.789476727558739,0.1967766143577141,19.9590759664546,0.12584383860165843,0.39623664038553286,0.026825209475152774,0.7691698695235875,0
582.1972156672826,384.5787153312235,85.7302797776284,0.05026312426301305,1.961897486930434,0.2608506475660106,24.89228394292191,0.13986258423106077,0.4981499233770409,0.029237664323372145,0.36856246902771383,0
181.26079304896746,122.34195322173869,52.41584506583481,0.005617607734743901,3.0749628763295274,0.11658125034923264,20.186550635598476,0.1422243634030572,0.9285906309670553,0.025052472678199905,0.9600118808191255,1
851.7722460303141,418.085160853578,98.11944442136391,0.04910957293831652,2.004759104595079,0.4930945149158778,29.558037057538083,0.010393219626236051,0.18041219949253484,0.024527564948649,0.820461290158315,0
388.70205847456225,424.46038008098384,67.07279244661632,0.09271106288584274,1.2774657049067972,0.14409381406532643,26.296315254187416,0.1719495611370134,0.7144422402393709,0.01209074670246386,0.8539484630145436,0
267.8666593598688,278.36048019237626,21.363826740805244,0.010539321810780523,0.5653298486190449,0.1086589085194695,49.46277963117306,0.0916506629530096,0.8421720148827265,0.03742154482250493,0.17219426742575428,0
136.6976273992875,52.87364227257511,70.85598058678906,0.07644407280755044,1.6431003784855893,0.1415906932491034,12.237054005129027,0.05248321633924289,0.9706813207229351,0.027448576684801815,0.2709632078712195,0
631.8036488694177,179.16715992871076,39.25936138885291,0.040967105337599265,0.5735596880099862,0.3960775099218759,15.687255055494065,0.048352901495936323,0.44092324741998656,0.01779175210575707,0.28562659968357706,0
709.8079256580542,327.617113269084,71.76944770174876,0.0655173714524338,0.9667950590375213,0.2414775466723293,12.1130357563441,0.0966028225687901,0.3497258118923253,0.04264134009208274,0.27090922324687117,0
114.92904603507054,491.53378011234054,16.267703334616517,0.026023659798522936,4.937947177039775,0.3044371728886421,35.03364779929503,0.17736630789379185,0.990455925679967,0.04210242992606512,0.8554081621042879,0
560.8837524693529,334.31608715750076,25.739329345836346,0.01594922625413583,2.2761074288424314,0.05945412064386234,12.180371096548782,0.0756695163365294,0.5225383840692099,0.029455665123555755,0.03188479520859211,0
303.84619767814416,166.91161147887192,87.01635330152077,0.016046261427122645,2.706171655874581,0.06549408885799156,43.457589495044935,0.14994514935670866,0.804886744215448,0.021938026445910423,0.0760999889807743,0
680.6555113685049,335.30256639482513,30.44616013211634,0.007049194564314465,4.380730790812355,0.2506214974221573,30.477545227277112,0.019363746197443722,0.3839734740034527,0.03552370903185809,0.2739148706299037,0
256.92978610449234,292.99342087213495,85.3337012718646,0.018564670490124304,4.97828761240437,0.41749485944073056,31.08030498326135,0.09521134043021236,0.8533609705103006,0.021526085431096124,0.19987297464944365,0
721.8439642922193,400.9304278180146,35.134847960896934,0.06642193849889683,2.95530080178894,0.44835749541840436,32.46378030848777,0.19833722807854715,0.3355312908496866,0.019440317212948484,0.23185961388284837,1
448.0618116704837,98.14128747213128,67.8593719052837,0.0881690611843508,4.081121723116441,0.0890179554180381,16.83254825224843,0.1540875605584674,0.6494090202161211,0.03922058616105307,0.7979431892533,0
943.0569898630611,392.4625561259126,72.47355161588479,0.08141256855911619,1.702011019249709,0.29226339594546025,17.9076121245795,0.042105697688122605,0.06954916400665567,0.011613009588838027,0.5631265938920469,0
223.7688497313939,293.5699604042496,56.13892778305476,0.06851343098744841,1.5981453914917265,0.46095335882567173,22.75269291492019,0.10028829473958215,0.8868292720260413,0.013790738841383758,0.0057706612929679935,1
406.95971594523263,483.3464017365476,37.47796090270582,0.011043186341110268,2.073248232873345,0.22458773947904886,33.73985663287406,0.04672495272971331,0.6945806194961957,0.010271526960943592,0.42932276570419525,0
202.12616911653015,203.84247471740875,29.13799387339865,0.028918744629594983,3.395285587100881,0.4233046241427659,18.404711037608582,0.08191218545250185,0.9082658265837409,0.016117727459017045,0.40788492685035893,0
932.2242564507065,334.6798519102767,12.987041910618359,0.0309806875322469,3.4427392773499843,0.11016304447974629,14.65326908533045,0.15601680474699298,0.08277993327601119,0.012759600348418379,0.11394526944454353,0
889.6054180428829,469.4126474795079,37.355176111665145,0.024995694639762124,1.6446732297823092,0.4709275203505094,48.804675456737286,0.15424496305808075,0.1346407973666528,0.04983209471119675,0.6761417886014571,0
332.14746494364005,96.12937759580566,68.78465114781548,0.051500565970972315,0.7527286282694806,0.3881404928890862,10.879272592384917,0.04562007558047703,0.7750873575455036,0.021552398798163584,0.7020971883794911,0
693.9856414307611,471.75281925640303,94.44743366036344,0.05355538148796726,3.1987416566809923,0.47360047675410577,42.10789621344087,0.18444466363097203,0.36833714524907846,0.01597072050676989,0.7208932190520977,0
835.4999801810942,359.548575035366,88.40840340367468,0.03568859751711102,0.7287967247249462,0.3544777550986279,41.52140598300088,0.11851363655296537,0.20001892493307916,0.01963985031983672,0.728470945558592,1
599.6807304395161,80.52667659732735,78.94582988817723,0.035378915873643606,2.9346132903237176,0.21353176939974217,21.88856455380384,0.07598485819240292,0.478053046771839,0.04744502286160539,5.282693229680113e-05,1
576.6855205204058,185.4336051260673,80.96026089279688,0.08285555979060814,3.4977684274759144,0.4721815276361251,15.425064640292536,0.10038711615617213,0.5044686477123016,0.03080640892097583,0.9539208038467222,0
317.6670618104065,368.6774398903767,69.84864131283958,0.07892928483196857,3.5329963323328135,0.1740050493391303,15.825145868216936,0.12101425068754874,0.790383311108585,0.02459272385231428,0.814208767054663,0
183.7924910253093,80.30777066094726,33.42581718094027,0.030779583168074567,3.7920133422320244,0.19947763492777965,37.8972646894877,0.11197810636915709,0.9261436497360508,0.044935658316368775,0.9039816965892853,0
907.494182157994,311.976707079323,91.64755276352469,0.09137884438732594,4.377011165671756,0.3653637881007831,35.712263643446946,0.09728100710723564,0.11291066397062022,0.025799610821961298,0.015643295307434135,0
910.3762514469975,205.64737562883053,70.36590807152507,0.09528150170025061,2.5497990606274636,0.3943923347864238,41.30982697005547,0.10098656081788003,0.10940454476888628,0.023400342798307834,0.9338587957857394,0
669.7913115459412,329.4119829953647,60.439656788239596,0.032674254203004086,3.678221028694899,0.4682315677321192,47.499246895964184,0.035282382085577234,0.3966872177240649,0.018291300901989424,0.8097885286881047,1
405.1268119438306,70.58391521563078,19.989052229213296,0.03544249487930549,3.1339464032926,0.14216108407529426,37.67709453066368,0.16254658086093587,0.6965804036458316,0.02511187295637646,0.8372191429586986,0
414.2886171513948,442.1915627685693,50.23499894257829,0.05056341534219588,1.0145357050086448,0.4090991158486508,16.23406146205774,0.10835206398820307,0.6865716556874377,0.02266737424067704,0.09328738472196851,1
753.3601109832155,488.0700361298286,51.43224440817337,0.09411208125336736,0.22587925986010005,0.38234572402863354,19.737704670616427,0.02621597234094062,0.29821644213314025,0.03709215837192564,0.7387780289185977,1
907.3992339573194,485.99503487856117,87.8107248570403,0.08763194331423116,1.4942527898169757,0.07870755031411905,43.68774923492458,0.1532314203165556,0.11302614692853596,0.021583308186829082,0.959916689642091,1
898.3777818386055,387.3433242843161,59.19833981690096,0.01025679625835898,2.2708651610543353,0.22425041354459313,18.372243033368342,0.18648879567547016,0.12399161774635159,0.03308798985690246,0.6785473414181606,0
801.8879912718614,108.53880805878438,44.23604940733687,0.039273074327141624,3.123819127700416,0.1772444556770444,12.900892678179257,0.18946137984739242,0.2403612074653403,0.012635686601278909,0.5705614046246065,0
677.828481538859,391.2184381680602,97.91202956595934,0.05533711897497719,4.264800719465707,0.18702069095931367,38.13120216169002,0.07380354648223456,0.3872843999142389,0.017651566267860574,0.945629677748997,0
175.72596849554395,61.06411240646068,19.96485339936841,0.05031324725515401,1.0616040118602117,0.4923260957996154,26.101054219605683,0.02710337471215081,0.9339209607918009,0.026296210864453953,0.442937121734436,0
245.46584268515238,59.95559818804877,48.02935854807502,0.01938630679368927,0.7151939705025377,0.33924983606596754,46.801602101836146,0.10367992532661303,0.865011245420123,0.04747797015634782,0.5992935663104787,0
908.6987696743713,195.62459861729357,13.782220765426477,0.08588167711681548,4.8210517426242046,0.3729542710070748,36.01020284374646,0.02252184586984414,0.11144542212872177,0.025090079428627815,0.4763382934943662,0
645.7861536936309,269.8894356820996,76.59137086902373,0.06769407829968374,0.6294183409443949,0.4894779367917541,13.616759111666429,0.18679748370252347,0.424681108631791,0.036562964847993366,0.9328462213602992,0
108.27734645496668,396.68333801350695,92.62688969792356,0.08379083748518036,2.4446062435252274,0.21974080210593744,47.91426269014643,0.0367159254710292,0.9963753382803218,0.02020348889685593,0.07608472676550726,0
191.3243885794289,357.48291947292734,35.20335965954405,0.08587642793494722,2.9692622710871794,0.4108280758037627,20.342290545609835,0.05055317199023282,0.9188319617645714,0.01508134303892927,0.5011197008253482,1
697.1515921972502,250.65621786953676,87.25075091192087,0.07483558536657398,2.7527346624464477,0.24553893348702294,23.48849961625143,0.08132730537699409,0.36461757627748603,0.012341464003202005,0.6869524413854383,0
104.55542546159681,173.13199982674965,36.2996407415708,0.04392106012497174,0.5215575694614217,0.4412901523167409,26.090416547341682,0.07663289371182516,0.9996599862955471,0.022216539941710054,0.7919065384222369,0
244.7272462757488,498.70602507097004,91.96931454795237,0.061054675501542456,0.379431878617735,0.13129589359008642,12.04897185617253,0.1589325784795778,0.8657590286575814,0.01630644107187632,0.5830186474441363,0
593.8604104299275,241.78158600618784,77.85657132371055,0.016036540611974317,0.6168687945590748,0.4764587796789258,29.860616889224193,0.09126336411019248,0.4847522933179008,0.01696041792064497,0.908917744121454,1
722.7056779234239,253.12416094835396,82.44160991572947,0.06736454174749078,2.9693796509758017,0.14844726878489586,14.93273964301169,0.03415365200066738,0.33451383680278013,0.040430372335478006,0.9419914468838717,0
686.7651335523404,123.63071953625114,11.620590004040904,0.017925325573928074,2.7672899494081737,0.1967992281414192,26.038813067534072,0.05344197909721482,0.37681184642753696,0.010633522837794968,0.06431922319358352,0
301.8423785145038,407.66429693746824,96.65293213666233,0.06939495905101568,1.245329880980047,0.3902865053480512,24.02839151968337,0.10182267703750442,0.8069815030651223,0.03231240502941738,0.40237053954137436,0
740.9612992127823,362.1570016016699,75.40038928632909,0.022959816075396867,3.225093295043399,0.22718981370443303,40.91360333706014,0.02949078348522698,0.3129215141952524,0.025178455223738593,0.02345902172115444,1
313.52417874712006,149.34632575494217,37.427598584752,0.011755130015021998,4.1183307600726815,0.323695119544901,42.126820465309244,0.12233113512920282,0.794740814997952,0.03026199999634189,0.3294166573744429,1
392.859728343341,87.07147052712921,84.64551983729622,0.016528449014295742,0.3037369032483095,0.2500580754812428,16.13651529556352,0.11314946131022918,0.7099308349990828,0.03251320948858412,0.5368682179706021,0
771.8422646062218,356.2246859336209,35.3369078573437,0.0001992135219070268,2.540836723385408,0.3840664716904018,24.66204749516905,0.14294046327645155,0.2762376540349787,0.022534707778291127,0.9107949305099489,0
684.6696091424932,344.53004642651086,88.54784556095152,0.07187396178535303,3.4776210193031827,0.1527490635658749,24.934126441273268,0.18754092307587356,0.37926915306323006,0.021804354407371412,0.8465543224654029,0
864.3010694447602,172.9667871491942,20.132235137074332,0.07324010490583792,1.3363284426414668,0.07630609425659465,16.056417757443402,0.18245091222023113,0.16528297595927854,0.03933607397339623,0.12749972667198572,0
691.851603070309,477.88860301268465,73.33173797147163,0.05149333499132595,1.6080774359364307,0.18496822886287984,41.93814020204762,0.18921512361376627,0.37084308675905153,0.044851079524846287,0.0930303747408957,0
611.4777430019244,117.9760513014051,58.66286289804193,0.01613628010553837,3.106825724647981,0.2634388991907936,38.28913313341693,0.04894311940474019,0.46444767163339606,0.017703265298341115,0.589267338756667,1
184.30729104528322,244.55066046917085,18.688102317589674,0.008355433751068975,4.499882937874311,0.12560902348670536,17.61527145188139,0.026313061327870924,0.9256454093281337,0.01390475042140596,0.5321179724587827,1
430.9442227534902,474.6271640754195,31.770444543295508,0.001912896643728701,4.068629659484207,0.20965878034537494,24.66887634375196,0.060455340099289705,0.6682960170750503,0.04591183225568104,0.26637764143002385,0
338.6821309135529,238.87729261675503,11.11636326495833,0.01657481769652207,2.9573380735879593,0.22999235823210584,14.23220099426057,0.17901703455326293,0.7681521969936805,0.02399581854589595,0.8994530845538352,0
319.59067904117524,337.3366764488385,52.189116891805526,0.08908555349831468,3.6780864170105216,0.07582632965972311,35.12826388372176,0.19441069492469765,0.7883571745162274,0.03205269562651257,0.9273664094615535,0
975.7094992772011,228.91747908325743,37.11387346840003,0.02415368417016818,1.8876301040182137,0.31248826168289207,14.854876981944788,0.1718649902140952,0.02955204485308882,0.02438172578080014,0.40261143834016266,1
453.78795220008436,173.3968410569015,63.852173586798294,0.035427132721721565,3.2407310876839133,0.4479545425870794,49.43736674499671,0.022003544225508723,0.643068053627992,0.015032093453842054,0.8903025571135202,1
902.841899659402,492.7899415819227,36.751402693775546,0.01053454844813332,2.3842897965250294,0.1182843108288736,41.22728298751449,0.18948559961195865,0.11856728854482779,0.033573265797909126,0.38394889426297263,0
668.0247633975366,234.20030284176937,36.99272003562862,0.02223613047481703,1.0306870686420486,0.3190136060306813,25.609541983359804,0.0846716054701572,0.39875192457684305,0.031005634070785187,0.7368168318297001,0
815.3301731874835,452.3446416556105,76.8873878858443,0.05192245707802051,3.5385175419985604,0.34913264220988083,33.14255729117418,0.001862058152470736,0.2242532535049001,0.01811974236764789,0.47594221754772414,0
552.3733837946729,153.47957265098879,14.33285523805181,0.060775268309565256,2.826676723009228,0.23870060618867978,46.45367264865635,0.08847874814963873,0.5322416136568664,0.028074761786091113,0.12258315650718299,0
619.2134961637232,145.8971168112875,91.26054956727886,0.024535231416621107,1.857245751572598,0.3654939143139215,32.163971215833044,0.00921383393509352,0.4555068225150354,0.041877900160625835,0.9279342012370215,1
543.2659244369775,64.01033729803011,86.70374869520633,0.0057732159225117215,4.565562031385291,0.2348291945709554,16.979939455918206,0.10877558423222351,0.5426029995595544,0.033617044124315654,0.4540965933775366,0
275.71868901824007,343.2500714191483,70.10242149037659,0.03910328691273987,0.202577177350993,0.27708677958984573,25.148134223246373,0.06771080548741026,0.8340959482636305,0.013876693082679794,0.7344870403224036,1
750.2069037353548,215.8368546756925,63.389941309664586,0.023420337092633414,1.6472884411225306,0.05330887004949214,43.72579460118982,0.09468698671880976,0.30195920052608616,0.031920859889165404,0.36717381443129216,0
352.6951261967702,438.9612124278367,90.3072248325687,0.021955392322980195,0.37871884911046816,0.36127405136060997,35.768520639584715,0.12263407214862342,0.7532146573221807,0.038109531971583475,0.01888087857623466,1
121.88436978830845,262.9444580112007,26.6797161575843,0.09598628027134554,3.8559838494859737,0.347604205525126,36.02897537335201,0.17376021916356407,0.9842022181132936,0.041708136231230056,0.10053035869183591,0
680.9250663164511,485.68704256162476,17.107224597174575,0.06163004859257241,3.540326525157584,0.06728039479685506,44.672859427539564,0.13238031529438574,0.38365768436477155,0.03516470314537067,0.4962194794899244,1
259.399611466344,133.4864820664045,31.55591529185843,0.05568784431720959,1.7236258718079538,0.2157125483278099,45.75892229850019,0.08680977369563614,0.8508404478834636,0.01610632658163135,0.6899643571263624,0
946.4127259176229,440.88042558002485,81.51204508301713,0.041577510352332196,3.410748220814658,0.4905643283562503,46.79170287117745,0.16388557073407303,0.06544662919334732,0.038406930663606426,0.33473532657927907,0
958.5357193023286,399.4685837562838,13.120324005383498,0.04289443334301443,2.040092408360154,0.23933145315587756,13.793967730126244,0.18111642751462645,0.05061034671453202,0.037093673843260656,0.6954884591776503,0
923.3779511984037,396.9148300898234,62.45261515751407,0.05409050038380808,3.8056435779699287,0.27587543230932876,31.765040078524038,0.023951993286439446,0.09357001013548982,0.010977075317625328,0.698635589431956,0
433.14283022989997,430.15245265259944,99.5893764572179,0.06964298070361073,2.32549994740986,0.45946857117187334,39.620380848732744,0.10638659551055829,0.6658759837827228,0.026469906703609727,0.7039359073278308,0
113.91095487598068,392.4607959243495,87.01264844537855,0.07021460961818295,2.1201706663751616,0.37276784413959035,40.27707380508055,0.05690239194848883,0.9913659096553563,0.02331800987849493,0.4925218540205084,0
935.4867063289529,331.7991447341369,56.93011201392305,0.017169390770544957,4.680176585892675,0.3119315590059006,34.268648078800155,0.009412239575389482,0.07879732921318483,0.036776482570145735,0.914886150121504,1
485.3657334855829,109.0601949570744,15.72768183579781,0.0500112752076627,1.3293075894644313,0.40901210660348264,16.671493407346965,0.13370933902279708,0.6079012988178419,0.01864543249243683,0.4891965179806156,0
969.9893371393026,64.63678077106336,84.82361629471389,0.0411958095034102,0.6901919659831706,0.438964819905188,41.89682215766658,0.17255415549184513,0.036571314735678984,0.03363487691897034,0.4502651934966382,1
967.2579793803276,464.3815315170591,63.90806573594895,0.08705269662693843,2.9642612549713454,0.2555996322817701,38.80445334059783,0.03258053089547881,0.03992114093277421,0.046528238472566895,0.199380819010627,1
867.708509920624,327.4926415343321,20.343969735361014,0.06314189212183764,4.849676880192477,0.2637987642193259,13.445430861961452,0.1624827315247801,0.16116340046672806,0.04191209488834431,0.3076550873563365,0
365.00400286262715,408.44178093927934,18.44715563410206,0.053250406641598184,1.9514121472632149,0.22372292104332614,28.55239298697505,0.17067914670738835,0.7400220140912728,0.04685830944866122,0.042334492518303346,0
446.58795574173274,266.6850581806475,91.86641374929332,0.011539464217891739,0.4039801417810295,0.48501776300830723,16.959095980872142,0.18286808853329672,0.6510392884990737,0.0491402386773076,0.6335352936161702,0
866.0230043651712,102.78868503307751,70.22802366442706,0.06056378893234115,1.7625958098168808,0.3637248144306577,23.499081828518875,0.053057017817210485,0.1632014277078453,0.010426805080246512,0.24853574392709288,0
385.2298046406499,106.33360649114769,84.635811938508,0.011720390568023343,2.5790651061658365,0.08745037979363254,10.723243688227416,0.18079061303797786,0.7182046103831627,0.034909651055099106,0.3041552544854651,0
252.54347201748323,358.5043792530371,89.10810102540405,0.03372065755657521,0.8934227324978472,0.4383318304908583,26.01319473643033,0.06413255094728645,0.8578281845929132,0.02651357591035626,0.7708145216643212,1
601.1211362125151,243.6376527047582,61.459511684348996,0.014284196481433187,3.3247008684768113,0.2662519733763206,31.995076846248416,0.11046760269110056,0.47639376412235435,0.044394179613404874,0.3272211831614539,0
942.5392967447028,140.2361270151515,56.570171657953715,0.0692073647024369,4.988972006149983,0.08093925789011937,34.78330371308347,0.010101494166456428,0.07018190120655099,0.02007258808036527,0.24219589201314218,0
726.4268170074757,271.2175460336466,48.73846692888912,0.020625211383615262,2.3135234323090748,0.29737276482348995,36.539613805148406,0.008776217673748721,0.3301183288603746,0.04924117956460305,0.16905774913370575,0
613.0550530804285,78.89402168381034,38.52519290120074,0.0391859373188026,1.8381699279780421,0.23772392553906596,43.4516525240984,0.1440746425464406,0.4626258746719353,0.034548318781749895,0.7748584021819559,1
187.45884439369166,311.8871308614795,49.11363647728406,0.08956747776187787,2.0634504174888866,0.4449872321881812,18.618516291029202,0.08889599559555822,0.9225903740614962,0.04174149608915324,0.12970625799002689,0
653.5065040292527,171.04703199579396,79.64916901571408,0.02043163833989703,0.6642162741364855,0.14179757162422432,14.819272897538717,0.05125847507384351,0.4156928480711435,0.013423982112910734,0.4537537602503535,0
991.048465093837,408.9015952867347,64.17310879136184,0.05078050639587792,4.428040646988497,0.42190907427148233,44.061486875917026,0.03808269920498204,0.010703748887835651,0.017338315390354603,0.5069301160771944,0
226.07561371287164,189.6628815156082,90.32709609593614,0.0419271661166022,2.1326457120546247,0.3009599110334537,16.264512595705995,0.13399069817184361,0.884524672639795,0.04033614692136813,0.6873899126857146,0
566.4966871273631,254.84906708681055,49.90420129412689,0.0018124041045729734,1.9976446159817227,0.07457463644606108,48.99040325344781,8.030880506797456e-05,0.5161276853433989,0.010879460881572944,0.6332834823329955,1
889.6357647351599,55.22924295864529,64.63806208468786,0.07927581135728129,3.3324823373593246,0.4873303855964681,43.70152917594548,0.16117823383937085,0.13460398125084594,0.042675119435751314,0.8107206729451748,1
766.691755978784,82.6010995075515,66.81767977827899,0.006904590631459973,2.2659637625625053,0.28067685984644,30.035064235583967,0.015849921225985764,0.2823695844335008,0.010557960747676459,0.04475143392623815,0
727.3141668957412,226.62210038300816,63.2527446075693,0.04742550209769536,3.276343997158446,0.18089458440421213,49.25685699688101,0.03829792298162389,0.32906972881776964,0.036284753562450936,0.2964407247793972,0
732.2356755883983,265.9724756227056,73.23703957769646,0.056067829493894994,0.40108682164085885,0.26123307889516617,13.89506916432017,0.07724727905981793,0.32325082360558866,0.024603756809272237,0.28013411877537975,0
423.54203609777966,320.00924665368666,31.369012153732566,0.06284264566145871,4.087244384238915,0.43603600258287006,22.122630447004067,0.09697174794322072,0.6764307995435643,0.03445979410876797,0.14601690559210823,0
364.232659838044,181.24816041918646,56.11273997912116,0.06886316293078756,4.708469369109072,0.1872064059732786,35.52897660162446,0.07099902316278837,0.7408506602939662,0.03784125627956455,0.28917825385644313,0
828.4250399306623,362.74184875694414,19.38023225275129,0.02532723835227151,3.2789503921809913,0.13670437841901514,24.00027473892715,0.06414243299685878,0.20852830149822787,0.02369900876745217,0.3097653141429034,0
829.1020552112627,437.05507873514205,44.60601948803313,0.0009978776658449374,4.777373051408173,0.10808206111889665,47.13490207923167,0.1927832024146377,0.20771442795177775,0.014318497924433422,0.5218844619274783,0
880.3650867220933,400.9329450020074,53.8900361759138,0.0723443662354912,0.8420183404128202,0.18403672927559506,12.625043527112702,0.12831593624867885,0.14584349423066856,0.012785834709930626,0.6637044789262561,1
921.9164973008242,67.82847140676071,68.70018335909252,0.05356565993475786,2.4393393284537335,0.4010216391680196,31.976473282438583,0.004686591073477642,0.09535131796264695,0.033557440902501914,0.3811005136118141,0
560.2081589748441,266.228126266023,95.54779473275832,0.08361177032072488,3.048852996332692,0.26223186433786777,33.63465069580458,0.08603518168886265,0.5233094113462649,0.030826214149364463,0.7194702313133812,1
551.3646652184797,97.21858028817869,64.05859598935203,0.08213883629006943,2.9505095723638153,0.152366721662093,36.109124951088965,0.17500173994879406,0.5333903724886523,0.0396880403648453,0.33616533857958,0
818.4656610700977,158.92025713813734,76.92345245589038,0.08433261677878832,2.067162717536312,0.12478324982438714,20.22664893327258,0.06029123728213359,0.22049096981692784,0.030389420400157484,0.29028367731476035,0
684.9675376999886,493.9981669702159,55.56394535456825,0.04850946599795402,1.756613605894681,0.19972826442967062,24.582657100794577,0.018911268954877648,0.378919849403093,0.026897831601235163,0.5411880558570243,1
731.770189531933,114.12299430568095,67.06936282386982,0.03336283958368657,0.7214377104970522,0.472965967798569,43.747221186599106,0.15167695431798356,0.32380140830358173,0.025923487129449238,0.023716360305790607,0
816.2134024924909,274.4996690531102,16.383899452039607,0.079155820259137,2.0195380077551635,0.20436202066551096,17.797710758806392,0.12120276638721626,0.2231936529974904,0.011057876103906699,0.07978912363400037,0
901.0048076358097,328.1700804431536,32.89524227576623,0.0451294113029255,0.8970379940168772,0.4946558341795859,43.07471388693448,0.11406250156530079,0.12079994785041992,0.02342228806786629,0.41796954358652705,0
404.19564116638225,366.1092367448468,42.56677838846248,0.01834421964034345,3.6983918148118704,0.2683537050944103,32.50621691610969,0.010715311921481585,0.6975958603058502,0.049040806300979775,0.9429127113917565,0
438.02465737594963,301.84190756911136,52.524401950586224,0.08549740195614744,1.123271583923491,0.1306237632305679,40.48750044776328,0.028099801959103467,0.660496298195506,0.04494222304908355,0.7215117798434236,1
184.58374585678212,54.396881338632646,14.108387095214535,0.08825598767723473,0.3869699958942159,0.4510130413070792,38.54429465053886,0.12450987924262276,0.9253777548113166,0.023175122681368707,0.08812656950055775,1
620.4521268965566,196.90758870979636,22.60216877979859,0.046630975614017016,2.8065940753044485,0.2571599179106721,18.30045981539516,0.04156476829176717,0.45407383198899354,0.033511816202654886,0.8463180127808737,0
132.34804641706788,282.97023952312014,34.91328770121752,0.0075699727309787475,3.016625690325068,0.369352104577036,32.75250945735492,0.10081401594968487,0.9746786384603843,0.04389186982141976,0.732300770608181,0
519.0382163192141,89.53992461517501,97.43794218109456,0.03878260899169313,4.372374000274477,0.4926702124441183,44.7089261122037,0.1089763372058787,0.570049556238798,0.027650973470002747,0.6109465257026532,0
588.380171236819,207.78211904413135,39.82123063927457,0.08035376594626034,2.9272099008466412,0.0725789076439883,27.284649472077174,0.05670143805418788,0.4910519853582732,0.010718314550006039,0.8202929606091773,0
357.88712691545595,64.94139895611495,53.383695230087426,0.09017740285462288,1.7928561832448842,0.09351255190440522,48.663630808932666,0.1896850311082986,0.7476579003402899,0.012980418472745604,0.4041098477429571,0
631.7499345121097,85.36032371975934,27.648794146455366,0.020347274249759587,4.034758219478971,0.3742055336582403,28.08860400406872,0.16849282136711505,0.4409855500155022,0.030415708853948266,0.22150105085385274,0
127.45022494514448,228.61547429071823,64.97020639681915,0.006697361202527153,2.7473665766183637,0.1768212514829624,15.711425466715387,0.1444747015265597,0.9791531083032425,0.048777575027035135,0.5120233891087593,0
133.61336987429297,109.72208931937716,35.26148939643769,0.08773504531328387,0.48847339469283957,0.1329356286275446,25.57738720310693,0.015598773281881818,0.973518054810121,0.03772838168875471,0.5488417555934738,0
840.3405045936925,305.3933817177012,28.62933205945841,0.038940493897887535,2.872667745534909,0.06771284591887827,48.068096255621484,0.02122600386180389,0.19419160978758876,0.012836647657542782,0.5383263720099121,0
424.1715772701366,360.2592361117696,56.491536560138115,0.05417609642675633,4.549290872566146,0.05983102039379082,22.78883397359417,0.09855626917299115,0.6757397314430122,0.01757443503167451,0.5650737914801053,0
214.3544613866963,410.2640145990873,10.495521924437874,0.0968065812050759,2.0419318649412808,0.39851852140390587,44.723926394682515,0.032142669838197135,0.8961960149559406,0.040852925728674,0.9487049182391808,0
570.0189340493239,140.06760991016455,10.68976293843028,0.006656472791422285,1.5519964293090205,0.1104950423162975,45.25002726727559,0.19565309270589482,0.5121003950722653,0.04365759039824979,0.9022456230962314,1
792.9941977887497,125.36716201658139,29.7161928191672,0.06483180074520956,0.8030003393882983,0.26047427718701793,24.00746097327844,0.03170404680548189,0.250999511677113,0.03470778344754363,0.8757170365589394,1
294.2389247471589,97.05552815048011,13.304922625073903,0.007410542257486708,0.8420830574832509,0.32265356683076735,13.330306322025285,0.0974935670927948,0.8149110647839514,0.03577692678519267,0.8014168109086272,0
660.6014282371002,336.3936122946365,19.722317871762222,0.03754689284665004,2.220580273274913,0.24275831025598082,38.982316366352734,0.07282421136830108,0.4074201994667238,0.011133498015335386,0.9434281072652854,0
176.8127184943912,367.9140769191055,40.49745844048765,0.08038145451934468,3.018831138391495,0.0621979935513049,22.46049196055944,0.1278772842908196,0.9328764781953632,0.04314121038326034,0.09849464167940325,1
146.51354905174693,64.21376517153891,82.23271116218315,0.043347223275563444,0.49501548533104867,0.40257567616455897,41.316944570302894,0.025807281777884983,0.9615821773103672,0.04153100832683319,0.2651232614457395,1
578.2191684113332,471.2955108096604,61.484377903237075,0.09971823539029505,4.703886086223312,0.05473095104374407,27.706193930417324,0.08606328560847819,0.50271126157615,0.020361405764133887,0.4950559456545849,1
586.5716094490958,73.38707764316258,56.14009533607748,0.05590592849466022,3.8001547254814603,0.3928504524698678,29.41066969370486,0.05494100656142873,0.4931292381829675,0.03834706879862028,0.8465344931234052,0
673.6869113483859,293.5833508854817,36.413994088730945,0.03211621526359535,2.9744571995899474,0.4519870222046552,41.11637626994147,0.17755030493433763,0.392131555656028,0.018594184256999925,0.5051657115227325,1
753.4822003503954,369.0772337529124,93.85783474895348,0.022011132590475314,4.159349487601055,0.24477796447572753,25.294533242465114,0.008117142426939018,0.29807148448920806,0.01161320644206052,0.7480347393415887,0
978.2668715162812,441.93610568573854,45.73135371134725,0.035052053428616184,0.49291510837935515,0.2909941128940092,27.725093812916583,0.18274549880129187,0.026412175970827123,0.018045461703615092,0.13895990524891622,1
564.6703134710758,371.3391194595925,17.838349011619435,0.03725332737595508,2.4365105008923096,0.2646425266779442,25.047618750784885,0.16659882771060008,0.5182145954105608,0.01714515507017198,0.2524138129765602,1
390.6608256471214,410.7776373814063,65.53598645060211,0.006871367772396098,3.187456321622151,0.22514387838054745,24.693620611091198,0.059514143288163096,0.7123176790259297,0.023509919869393887,0.7317760950376724,0
815.6675752918333,202.75258664426272,20.245455412894128,0.036957419942677316,4.1603992399796175,0.4493410409166621,31.037863076058375,0.15785813093542095,0.22384849347983726,0.026737979887018322,0.16473400888772405,1
343.74902613586676,416.67130118593053,41.07008285215229,0.04642385197392249,3.939000844241412,0.4522700798014957,42.35197778004603,0.006242712067749512,0.7627612293435113,0.030341555659908315,0.35135593465492676,0
495.0742786350725,86.0516808731038,55.6670744846028,0.07227377522388047,1.4576393235956584,0.20111736408869052,24.470732476902633,0.19337311005867874,0.5970240266228131,0.029070155020333124,0.2648662578135714,1
170.61074320803937,452.66749522723745,88.68002722166582,0.0656729484721608,4.710312830840101,0.3267813893066141,30.970188821509467,0.10531898851795787,0.938823072094721,0.020826984238611575,0.3498616942224785,0
122.81566907391176,296.4165692691813,54.41919223061068,0.07087656552291542,0.7092946230112648,0.4671084029656388,36.82909301770403,0.06065620521308906,0.9833600918510014,0.011166826742962979,0.7083240490779703,1
966.3835732101326,417.78399648312217,73.20328894284978,0.00083636818768571,4.388154731243645,0.4829263245236082,20.7775778521462,0.07251664251893541,0.040993287532473,0.034204064889486026,0.367847181142801,0
852.3821084609853,253.54322803323507,99.35351550991633,0.021766739958053605,4.857607223062631,0.2790315681899214,21.100912196095702,0.013281070692099474,0.17967641908759957,0.025829793193894175,0.5552633226079402,1
726.3767854843281,339.6099628384362,21.834020790818347,0.06616842883998565,0.9680522637908653,0.25377116237794706,47.336525080938195,0.19786990280840785,0.3301774471397234,0.02194688629550199,0.09993187705440965,0
468.0576499728429,286.88119742125093,34.72583729675676,0.04839893681797472,3.638123714598548,0.17541244216783664,38.941382933243545,0.007858389030138491,0.6272175366640949,0.044677641713220494,0.8050176932346278,0
255.9648880637612,379.21528478989933,45.511846803788174,0.0005313475668345946,0.29739904201219247,0.4814923429356845,33.08746704893235,0.13098142462957182,0.8543446723106596,0.03986973231192639,0.36988862564812486,0
240.79333840397743,86.7334919137653,47.96453606849482,0.08044946424318224,2.086571843181859,0.11426643701279032,35.90880217682448,0.08854718554129166,0.86973599370498,0.044310621934897695,0.6485341590333424,1
325.21860834813583,77.15843779575371,46.99189677389912,0.07728095732903374,2.629788166068603,0.31092330922147626,11.171977724136735,0.18978324363774302,0.7824189898484084,0.029799311788498442,0.7253896016618326,0
594.3039982355084,161.19645530456592,91.68499023008994,0.054841916299356266,2.9451616069572073,0.1771476203833875,34.72411862246787,0.049199948061359036,0.4842420309232689,0.0152372500850711,0.2096609221117004,0
743.1363304300561,121.79510605093475,74.26293800201708,0.006646332577627212,4.686092516417942,0.17555373065650848,30.380354928968075,0.10641736478760228,0.31034423438397096,0.0378488574448509,0.88467498495335,0
694.1776390459581,442.3026049664908,64.71146926816334,0.07665150495325847,3.394028367741554,0.23223586431928483,31.829987191177427,0.0964712417165506,0.3681116376727177,0.01824295119748701,0.6162242516069529,1
351.94050725134855,148.64629431111996,37.84354460765039,0.0583713587731364,2.4582619609742618,0.49945682111704454,24.376953073232684,0.14057328881002026,0.7540213043850246,0.02764918676366867,0.42872514175148146,0
959.3787525968747,489.1393651186091,84.14113457991652,0.07819599771579593,4.067407677702858,0.07473483807791993,13.258955908517676,0.013602046390484103,0.049577739828370104,0.01260003155795554,0.18233518357821954,0
764.1072250261917,201.60310629699808,95.95544603364901,0.07517469923958404,4.757610822676604,0.3103438181915891,17.73356934448209,0.038757826004670974,0.2854445659772622,0.0430123360969193,0.9423009379012067,0
598.9186472602606,131.95306205991466,83.90784542952039,0.08030020719578372,0.20812412854322515,0.08715747111587474,48.02978852850687,0.04291296401856997,0.47893071446483126,0.015037625641900023,0.7550682041316251,0
650.548671610917,405.36432821411563,10.140859467232561,0.051800806640462486,4.914354234054589,0.11953437349573354,26.34798249083736,0.14763015096833795,0.4191381317150463,0.04612390028197239,0.20802456273324887,0
477.6400561850109,346.41849897539424,67.27612331650664,0.0140324518193515,0.5220474814120337,0.2478033237978044,28.66732623323457,0.03782773926534802,0.6165354247037487,0.04456922409046229,0.3377107747242245,0
322.9578905510417,274.18807240391254,14.602184329789065,0.06711574733796886,4.0904952184169305,0.2797070591058986,12.10839159413756,0.11469835277819534,0.7848061733754557,0.02858331057756984,0.8096742580880733,1
420.37541078613543,299.91359792193407,33.18464983003497,0.062047378505197065,1.4736402875019214,0.1664565837640358,11.502649181759224,0.04304876410019074,0.6799046942833966,0.03977472817215963,0.695677663215339,1
782.0614994179322,373.64080022251875,15.357223031299451,0.07422531871990871,0.7476803229939716,0.1924057088934873,38.68725788187031,0.1723249900167957,0.26405534930774444,0.03477780295272613,0.7657842927157243,0
112.95413976678029,152.8046335990844,64.34159076544489,0.016988100605073532,2.255292634597791,0.08913515911516988,31.52378656484445,0.1884370908979277,0.9922198328767013,0.0421230256935098,0.4412011022129324,0
204.46537645622462,498.35026222553387,71.79309221433462,0.019497519990028925,3.2553872392933068,0.18644890272991277,30.348239368650667,0.10369859498844809,0.9059656389262996,0.02727220403143648,0.7164762626421669,0
141.40237781957748,488.65692296605243,20.30388742593146,0.08904095172193285,1.9666640406150278,0.48495129772124485,19.724981216906748,0.07046177684183566,0.9663333513986779,0.041432339369774,0.3864937228639137,0
136.65592208707312,342.6465588561216,44.54549947404816,0.07499777984520709,0.3673705005852249,0.47511832175261676,39.79002926519689,0.04681155500349983,0.9707197518560842,0.02849827268260592,0.21126291693819643,1
869.9145256099065,139.7941029181153,51.06128580599878,0.0908228488700323,3.037359584327712,0.20069523056164323,16.729463164339677,0.009956200304608753,0.15849522879079458,0.047638631513711754,0.63267703484136,0
733.2920734420213,356.1027090940811,43.214771958482494,0.07587153211639208,4.521776052942306,0.3068842713254427,17.5973897464408,0.05370001523949908,0.32200112763879263,0.029454884033005904,0.9760139255987942,0
526.7564461785927,82.48928404062913,20.892250043667374,0.05971553059903019,1.9777552931415336,0.45931792599992494,28.42848685393102,0.13084715598906357,0.5613246286964825,0.028504770877349185,0.3106009713953296,0
188.05074458590133,63.79362599261273,47.70530111687279,0.06541327370278736,1.1600306103910527,0.052782720188403506,21.451194484477636,0.10672338626184218,0.9220156766166068,0.04140287446254051,0.46096959221253964,1
542.4542876051491,165.95729983004617,77.60602430275763,0.088912792394001,2.2686289950707956,0.41480760665191635,19.898519249325854,0.1888082556561855,0.5435252355876389,0.04286310767043352,0.6740013710698536,0
526.1245937025092,258.1803305326923,16.39068980799299,0.057880675451194054,0.3369772841390263,0.47676629875501353,35.809505782133265,0.07925545249834012,0.5620395597755057,0.03217956457284683,0.5415062821224879,0
255.88168291901366,440.7226274337712,17.21620126737131,0.06323913243283874,4.120389163953346,0.09109658045010069,36.03886980874178,0.1387726684656789,0.854429472445685,0.01719191253980302,0.8434277957090492,0
490.4664843141757,377.2260813948386,41.92941626523858,0.01564767160036006,4.149069973655915,0.12265145871481448,42.98068279199717,0.09786454949502428,0.602190245475345,0.028710329238303182,0.7617427064695159,1
458.6542609576361,384.21793453999146,94.75531404570326,0.04739212201161028,2.9812022708051797,0.48233583624710996,26.708342678919035,0.10251524318484234,0.6376703905251008,0.048722900116387136,0.05829720386235704,1
654.2650882469948,241.47200050163391,70.17153820506226,0.0716397111958099,1.8302041557981086,0.29189306463815584,12.92340364104601,0.0535548629208235,0.4148089127960415,0.040119447721567406,0.998421233923774,0
671.5842857808794,205.67074664613332,71.08029610053083,0.02709426983163654,4.018938485784338,0.05638848551227567,20.946655396858308,0.09099015536839994,0.3945908826954627,0.04244650415516529,0.7524024537194672,0
140.77360879484007,216.9674433430712,42.572799175407845,0.020225418052453495,2.8179664214629994,0.16593439944358812,49.20021852787268,0.09415699940254146,0.9669158674379348,0.011313019952769605,0.8639033162941132,1
437.15135316382407,494.442303681226,63.42947120876846,0.031382680822441555,4.1470683118950795,0.25247465342098685,33.850343009308084,0.1413285043497868,0.6614592887007604,0.028714378505366393,0.6511977120953464,0
663.2739241428127,68.04913613561712,10.911806562496905,0.024150062799283348,3.1941480836568013,0.36180900996114546,38.38948339204081,0.18812799983722278,0.4043009981597159,0.035864845346302215,0.8562851280467623,0
552.8226327220789,440.16417325510184,67.24864417685879,0.021491263703639588,3.9435868187427072,0.3799221701615598,10.29431318501658,0.06586425549650086,0.5317299032094407,0.04320130734512299,0.11238297492870941,0
870.8408570694901,310.40393385757704,92.1958252818613,0.042485084286808694,3.032958666767024,0.49793968081645523,30.728229287300834,0.00844009371625969,0.15737457286704515,0.01197094614331086,0.3477378355593156,0
692.8242684570505,247.3769386353157,65.13161215103372,0.09078385138835342,2.1292912342567645,0.17938003972269156,11.501146301272126,0.09925902510012795,0.3697010399594044,0.04409755542567493,0.8764209436044927,0
246.64098437328673,376.3659471868114,88.63287341197105,0.05070596467387183,4.793934713638074,0.29219904584081385,32.76920848365792,0.10889226642983373,0.8638207741366148,0.03193603746967647,0.20165521126689223,1
163.51187266038687,269.00102364111626,75.15757499194844,0.018792038081532306,2.7514577419063393,0.2899955965368223,46.830833985443014,0.03368811022638305,0.9455864527236331,0.017892558823042398,0.07824209858002273,0
678.177350385684,443.04045713674725,20.850257476332125,0.007697166938087408,3.0649386408486383,0.2325403667512569,48.736765220016316,0.15209292125521334,0.3868759151569958,0.022690208657988,0.788118939945219,0
123.86017948745963,455.31583880506633,91.22079765572576,0.06961561451379253,1.1803894331322715,0.1261228522290891,31.622107015556967,0.19698582168829834,0.9824142866148524,0.02127718207006243,0.8354861556432962,1
627.198023146117,239.77441709305495,15.97994599201974,0.03827987644363878,3.165688868193655,0.4898554534327291,28.328192210088638,0.1891549434016922,0.4462626638320818,0.03123436137153903,0.1626522181899006,0
946.2072172824618,174.5725087557732,58.05707252929874,0.08218309465853593,2.900877482466425,0.43399273399996374,47.80068376993976,0.03942120776473044,0.06569792585960554,0.012067427196445274,0.8543459827827155,0
617.9267600882911,316.55764786701303,22.79234114141119,0.06595107686407702,1.0057081499404223,0.27424986273240676,36.9443932798678,0.17507264798015215,0.4569950582340646,0.016341446339996943,0.6867677955971696,0
449.3529335858697,460.5635055275109,11.053594965781366,0.07962414505413686,0.39197677703040423,0.3214604402078134,12.595971181536378,0.14089872728233696,0.6479802580846056,0.0425077217350313,0.5200826832165839,1
678.9593965981179,144.79798505254996,47.98308341148751,0.027194603941844878,3.0613606666023787,0.15226747410184804,28.629023106699904,0.09076931276138232,0.38596012867593976,0.015304159629872444,0.830250192781385,1
512.4276014423649,330.33496260356725,36.55366368887406,0.06923589224610581,3.842092119816571,0.2947041816762861,19.609800738572154,0.10812219886494581,0.5775082017753848,0.01933585077832508,0.4192492493189658,1
591.0551103843414,334.20209904163426,53.74004444178427,0.02640619846937188,2.6646667175178407,0.36273655990466414,28.792172857947264,0.16992003499649164,0.4879780545712318,0.028134824224166292,0.1939939562233972,1
947.3183278988727,379.90086008687643,61.947989806109575,0.09390684794502917,1.211185864066264,0.28182516277396497,28.21862288025447,0.09602698792767464,0.0643391732141092,0.030684835524533216,0.28485267661061364,0
447.49237402069684,109.20545830726691,13.936516507805262,0.06363742815333744,3.3659576857958715,0.49562832676322355,33.28579211258968,0.07464147382102537,0.6500389788322425,0.040544419184566347,0.5051640182933148,0
965.0715074415228,372.1212341069399,21.070296561137106,0.03245118001753421,0.49251806038705104,0.3251037453114768,24.270819613970048,0.09864949860519717,0.04260183601295431,0.02789329706664751,0.5313307926731757,1
914.8155777604574,459.06463429953845,60.27781568053828,0.026951186229227264,2.2649851535295777,0.21693817066647608,16.570817978237123,0.11582596080700983,0.10400119997005253,0.041594584841421554,0.8055808264412336,0
276.2120213103668,130.85739899160887,40.885061785539236,0.01909265850716435,0.9004971161522589,0.39746841242712716,30.14877738359825,0.03781553075566977,0.8335873669338654,0.0347338522818183,0.7913527236523344,0
162.4251707876489,156.89449621574494,75.62561387945031,0.06946409588937279,1.0038493501934285,0.12670813021173893,43.20811537383048,0.18018154605339815,0.9466176125667212,0.0145239895769529,0.5813665572045749,0
190.700201239684,487.1277923187378,68.70624837327458,0.02187156129979273,1.091240350875198,0.22303211616781993,36.56048912270409,0.13483738976592277,0.9194396798827856,0.016253257535713543,0.7807854833654764,0
116.39964308639475,131.4396287192704,86.10439266909161,0.05953032659274891,1.994864579515492,0.20613152766991366,23.534714637008634,0.12665378346749778,0.9891390094584076,0.027481349017990833,0.19177345829367098,1
184.99866468033554,434.4732920163106,72.32435440023028,0.026463502692535737,0.3506360075399484,0.24431319279849978,47.42092091035429,0.019899245236127627,0.9249759229884422,0.025875575723561584,0.05006452709329434,0
714.7060960747211,271.5250354016157,48.69379696511333,0.06619689447938686,2.049187860552581,0.40180092166792686,46.48830284996728,0.12083478763451837,0.3439530332048839,0.039741770785491785,0.8736338226347001,0
164.06978361420607,161.25398348142966,70.56699601549892,0.08149397285405392,2.6073664908620344,0.26787786447353334,18.37393597536395,0.024192132447698467,0.9450566195709353,0.03322948559189408,0.07555449376276957,1
387.0780672643852,441.8374555726301,34.784305682987664,0.07780252431446533,2.4681419963349938,0.4073065026196832,11.57670340481452,0.01573953503907981,0.7162025242369812,0.02552532324008997,0.2466884297439973,0
860.3877798725091,250.38736475119947,37.568214890039144,0.07608513309307818,1.975642091974899,0.30942000641293965,39.65234833403049,0.10546217912847866,0.1700115387712987,0.016830411338015425,0.6953189496243846,0
120.94474216224327,281.6678092683606,81.0086643928714,0.018772240569225208,4.2118183795466875,0.20393124559589992,43.10441045396613,0.080557106809299,0.9850507522317444,0.019073484093019805,0.40944793762730913,0
833.0216343300422,211.65501622989456,50.1777564761424,0.008838494698451872,0.8121007928604702,0.4144904346575626,48.71458263805421,0.11776205403124465,0.20300081834436723,0.03302004073876236,0.8763139699155088,1
353.66929729605994,316.82788314571735,81.85423064665173,0.06989488284873856,2.5779140445287325,0.15723035174889122,45.59345576353243,0.01784443361144772,0.752172949107128,0.0269375521959917,0.29797979466226954,1
206.34834485949062,123.58574266326025,84.01801363014506,0.03683472137943513,0.40400294308711604,0.15097234090990796,34.02139072825659,0.08619661256945169,0.9041110500679443,0.030597100354426886,0.011871346669359295,1
727.0634488277356,225.9866914932923,87.18061038951554,0.04323462264033473,0.4486628265017578,0.27702631582467613,31.202093568495233,0.0349573430090316,0.32936602473256404,0.016827097412089348,0.3006556405607441,1
666.0485621018956,486.2355450508794,92.49717122570866,0.0031149092793391064,2.911942663417772,0.16738216068294,11.11364205050345,0.19742001718482333,0.40106080775442077,0.036516250093782635,0.5780750491848317,0
889.7248121743477,166.1600447155074,48.78866984619666,0.025957644927504922,2.873490281950323,0.054089165728047346,19.866257873791113,0.11223004248703489,0.13449594940869702,0.044101549634238686,0.37593837540329333,1
761.5639394234972,345.5314990435815,38.698013648902496,0.0033676403874464025,4.402364212937839,0.3417338872844607,28.384590069317056,0.13748737218817347,0.28846914642814137,0.020317580271476024,0.5348727557587553,1
823.1328373463638,196.3355289011127,62.39788719347025,0.08791857726012477,2.833581010734359,0.2799922196625791,35.14015600334271,0.06508365613652156,0.2148873453504283,0.029660569033273063,0.8765981188350187,0
353.8311153141758,398.06290655897027,43.405518109386485,0.02433966832185305,4.802975999983766,0.25048301652192256,32.290073332736426,0.018947782955868832,0.7519998721060381,0.049021093160836075,0.9124850542303685,0
259.69558940175057,108.89314732325742,64.09667501202097,0.05573371695730081,0.3386047571596559,0.4851358315782419,39.70543958726762,0.19517417255670733,0.8505381481080776,0.023329669622029106,0.2659740646541121,1
775.5532764767725,486.41947028534514,73.50272763794422,0.0038979320661130415,0.5802376554256312,0.30703963278331114,21.190677235481633,0.05725180707663664,0.27181619496474974,0.03380185379695045,0.4621404732699007,1
826.1512653405376,254.20529362263767,71.95645166429232,0.06668473913056581,0.31592272169486885,0.43854421000522303,32.59810430609893,0.08476163703471484,0.21126108737249782,0.013607828008009776,0.5491440152414512,1
991.454627800606,156.22270850590877,43.70975983181092,0.032302734575409386,1.0078565666343462,0.11275260629232209,13.525689735631685,0.129972784340515,0.010204157155347282,0.034240600099177725,0.9491124568882471,1
471.3559092202838,83.0735362985057,25.017418152887753,0.08979191869576658,2.752223543614223,0.30614290840824243,26.54662094332828,0.004939459537222257,0.623544175825065,0.013585270932184717,0.9986173191643847,0
434.81627721350486,126.39105728939333,48.74764046159868,0.08881181889340359,3.2633036889943976,0.4405908320289063,40.00643331818404,0.1620518261034574,0.6640328356288567,0.048369417412952885,0.23540724884152664,0
798.7716646677972,283.89827685020794,22.833472967371787,0.03252906183617478,0.32336727394847714,0.3123975907759541,37.73603413716176,0.10731563800572406,0.2440905560702723,0.038626506082892455,0.7269798713458154,0
406.72318622771604,201.65142939407883,90.10873316654275,0.0900960895690468,4.735257360243437,0.3731063801571507,49.62570948688716,0.05564343741376443,0.6948387568647911,0.04152639152542826,0.37803106223319516,0
937.6815930432083,422.9975146471743,41.128971466407165,0.09961576734987788,4.226610345586867,0.21741960551549333,21.11564503951024,0.01232159705849385,0.0761169452106969,0.03816417443086548,0.008108196886213226,1
872.5714766587106,243.89938564781266,23.90137725009914,0.08254156641239481,1.5534011625697566,0.09160228266667997,29.927571966959164,0.032499683094888286,0.15528049543483258,0.03358916144305863,0.009252522435902355,0
486.0946246375165,161.92142266443346,12.29029839151758,0.0844871347755229,0.478218898109693,0.2560551328071822,23.181216550959867,0.17900677177068738,0.6070857053166958,0.027996511243420216,0.46056600756225574,0
775.7839610123476,327.71524397181355,68.12401476578358,0.024900873610908994,0.9324466587733806,0.22751572587748592,27.62412456236699,0.1372048447871782,0.2715412560694612,0.0443349351904425,0.4883349130043346,0
779.0885866762142,368.0497475984506,67.3212085709269,0.05767023988577563,0.7220276273993661,0.4401770820705263,44.278005194775524,0.04998034432737797,0.26760150234879865,0.04827342670172252,0.022569696573442655,0
192.81148195233936,125.16885855542743,40.65437499231625,0.006725591396736785,0.7040905185648396,0.1597978860586125,37.368363007539465,0.013120152989005908,0.9173828296539207,0.029961446916163252,0.6869274167743025,0
912.29761601161,125.42864732974294,16.45406999628859,0.009491793682166972,2.6409522744620966,0.48503040239079864,45.29764765390327,0.13812306247732728,0.107066360565654,0.04726140196621048,0.2940033885949531,0
554.7271352030714,66.50214212009433,46.86660054057088,0.09988926120332907,1.3046524682176617,0.48116215391202327,18.140444333275457,0.11448154519355302,0.5295599765992182,0.0333333163995407,0.5598931015359494,0
843.8117194969675,381.38090677953824,38.00957455570543,0.03266392494259109,1.854884610992808,0.1614342393821474,44.93444471365752,0.080903904891647,0.1900100773184391,0.03153536747585733,0.30091907316541877,0
388.0446409275506,348.7120374298123,70.94085757615085,0.07481839120488464,4.94857613358318,0.20662337996479424,12.390490967135378,0.07272228983801277,0.7151549588145425,0.028179309318214267,0.1671343148693072,1
905.9709056465804,263.58389408741624,64.52013245074212,0.08066650530268166,3.4531398197341896,0.45300008339324827,45.543971217486096,0.04336285518582166,0.11476319768221088,0.018371510461204794,0.4071737385988753,0
450.2815108607468,429.8767020361387,42.8134355377786,0.08580232710072293,4.750005268530306,0.4849799994032484,23.162951178429118,0.13392225130750354,0.6469523324739415,0.010148786432722368,0.23227336479050076,0
109.75388633226852,412.5515688275239,29.61032988294911,0.09976282974021566,0.7985271196622664,0.2495475962762198,22.58350533656266,0.19413360555877412,0.9950667124530695,0.01966024907424245,0.5348009769191681,0
914.8437787773373,313.40946397853844,98.92323695400327,0.024149648525686785,1.9724834266795896,0.19444867053840403,30.483543067946556,0.03514304916736517,0.10396686424287738,0.03038892686414261,0.19882853028647995,0
182.1580091075202,440.72207623096637,50.860145907650335,0.004035082685969971,2.8181858360835363,0.28674230596319394,47.62760750892927,0.11942332400310068,0.927724063912519,0.025198398090390102,0.5084059766446271,0
387.38227383137337,142.62854451654573,71.94468122022133,0.0411191517994586,0.4761145032548163,0.35949614286458065,11.911254587256215,0.08483701114919524,0.7158728678849093,0.027939409120105355,0.15737851486886756,1
955.0557703457245,100.36382872897755,22.64976708205247,0.013008066982894695,0.12051847377699354,0.1730635319187409,24.089239002829814,0.08933774434893299,0.054871611561288614,0.04922592878256198,0.670974709485785,1
955.5464322438005,171.38732518264533,53.703072969345804,0.0022425889162055123,3.3851282356048964,0.3814129285785828,44.262879547333426,0.05082945602556288,0.05427090597944573,0.024010894826773106,0.7539376844414241,0
616.0940993109575,75.68908524019169,12.478304788251894,0.036042682714148615,3.2449156323270336,0.07324581070158848,25.84217909741867,0.16502697513228382,0.4591139885533193,0.028087317574404316,0.11039423424993378,0
668.6534909528193,289.0262876004644,55.490960611940494,0.07837382510752365,2.112865168998098,0.0721825217439874,17.966275903882682,0.09705112082944822,0.39801716341268567,0.015340622054112782,0.4678024120373392,1
503.6009697804878,471.4725615327327,96.76156664059322,0.05661806912250709,2.49925597255696,0.22382946731549536,26.99176725325647,0.10868117043965282,0.5874464074225068,0.011918309297479507,0.07087170065487358,1
363.8896945282581,67.70459330082934,44.57860416872202,0.0312777989210354,2.135670702901239,0.20906293642732426,25.42210005966677,0.060952182559465155,0.7412190228809458,0.04101638058369979,0.5981824455420024,0
395.79809083292434,104.94946130451206,13.509641131742043,0.06543420054927197,0.2176247197399554,0.19203494691521855,46.61664805866814,0.03636169313338995,0.7067383393522733,0.032827327002879145,0.26440429792964537,0
705.2666104693345,253.4895627275459,12.786021182740917,0.023201818030881075,1.743320870465566,0.2709588932010095,40.47737502972389,0.0171820776405641,0.3550733144630842,0.040428192241755805,0.5276244568387078,0
777.137076493912,470.2437578875572,44.91880839521826,0.0014381446072085026,0.9677030514467202,0.19433011204020706,30.204622229760254,0.14282382818498318,0.2699283448808276,0.015994511955462067,0.5174610093842912,0
812.4211393532637,192.27024723953772,24.402244281687466,0.07643533864364274,0.5822785265967069,0.13651606331064137,49.534822668862844,0.03924685633757113,0.22774213512138275,0.03287315084730764,0.9243543461938004,0
810.6563285150985,278.25566390977656,12.101688669536731,0.06237430848640091,4.787930126057814,0.18926129708987044,28.61110125103693,0.13801507083775955,0.22985792954080042,0.02014569897365502,0.5490832225687229,0
182.08549274382133,68.70778657267644,78.05922525551591,0.07623026245009601,3.0368626527066116,0.4887069227646057,12.32951323281101,0.07807528920939077,0.9277941287165565,0.0191224726760008,0.5829984797183156,0
544.9782742323233,116.75444043293999,51.26707079937016,0.0038938016687665613,3.6704157927593535,0.23500103764768188,20.490972872599396,0.0831549601979303,0.5406566941739122,0.010461040562119411,0.4016531257643803,0
151.80288401497984,493.9835553314811,36.032029477538906,0.08371196278306522,1.645282342003976,0.2501207495862511,27.442819208772505,0.09383549921855434,0.9566361595870817,0.015213628942762876,0.9490796031828168,1
594.575994091362,484.3034133962205,91.00748647148326,0.06195262000363033,2.0264209345206745,0.309445245478013,16.276104965844805,0.07354170162550865,0.48392912653934395,0.022370724459987813,0.7771859094396096,1
497.3774512360393,52.22299142048433,20.452506418047307,0.05633953507126402,1.2609275700939453,0.492503345786402,47.90260505296172,0.02012399544451802,0.5944392223728056,0.014675150423637562,0.28540529030284156,0
898.9337644824698,478.3153034404575,96.03269460597873,0.06246140481145316,0.5751317877305813,0.15872057439609336,40.67395591271092,0.06192636200056916,0.12331623373770029,0.0494343376164375,0.8442095857762321,1
415.82351129687083,337.60397201697515,38.25700456396176,0.08644332468683641,0.9772550234637606,0.3565769497395952,20.731488017110905,0.1327468721387877,0.6848917669015795,0.02234530594095803,0.43239636018509,0
205.3603147848453,440.56323253400996,89.95633050778132,0.05869365065589071,4.007818821952781,0.37219311209377587,33.632181340716635,0.1331568802937742,0.9050845240394163,0.015212957868093128,0.8286671435335939,1
228.69251384755228,254.63293503523659,64.26485888315153,0.05809503798881793,3.419974445400502,0.32329598755687966,38.85796628438288,0.057244861447998875,0.8819057925801981,0.01796329251311831,0.822888068293502,0
785.359568545725,282.01821286066263,84.40366237673388,0.09906791570657658,2.7799514923288373,0.08986025283648984,47.65115715627192,0.0920205253115376,0.2601192840879636,0.03350812913365906,0.1888701867628544,0
656.396256984635,269.9809611156141,98.56118468894178,0.0756730167068568,2.4279403770471637,0.35459252412240944,45.26541396701643,0.0386894456023875,0.412324850048413,0.012561740954591541,0.7011411313835769,0
191.01040851051124,350.08891589574694,35.956489403687115,0.04422938054511353,4.61992798991501,0.07884261996627898,30.60768904552855,0.04207441630596716,0.9191376971516757,0.044497365205646275,0.2906429693065311,0
175.69612550349768,112.8430646403408,96.50219368668337,0.07073970000329277,0.4564012441154752,0.3182641922974536,40.986104791720706,0.004609417681321482,0.9339496283535176,0.048459987169485894,0.2974926699926682,1
730.872218313208,63.48811544270508,45.05337054121783,0.038923047169178854,1.4749439848657884,0.3828115297497842,32.4857901531034,0.17934930998154894,0.32486341339401215,0.019869896826695235,0.29634807688058074,0
165.48670572777417,188.56847371603592,44.69607142632301,0.0228875462483499,1.8146954824964991,0.1449364507789777,32.10815560182161,0.04214133301498124,0.943709680844108,0.028003810743634373,0.7255682475599482,0
839.6740533613206,367.106343231491,40.63483938290551,0.05968518768877595,3.933886479842661,0.4287299033942483,14.589678333527676,0.04550677538729267,0.19499418227286636,0.010885378041179884,0.22982604179253607,0
735.6180044408466,140.83405345532677,58.72668466128267,0.09281820981139516,4.963321638793659,0.06365921248985192,15.045506320646084,0.055920286529026364,0.31924876639952304,0.03562840898908886,0.0009058352460902253,0
173.2139025777098,353.04459499621277,23.873053886063836,0.09291395200154628,1.27928552231005,0.4297157886462377,31.1813446008983,0.0254816143390858,0.9363313073732714,0.026557042322103555,0.7152368534826331,0
176.35394267667272,486.4604207482717,59.834033682221005,0.034190527810549036,4.384105937271695,0.2571480727892443,20.754461799160264,0.12785257663627256,0.9333175378981486,0.02080233864406223,0.17118474383512527,0
987.9756206510579,92.25532210523826,58.75343311690036,0.0527677466221695,4.170051526115778,0.14791457296924004,10.841476098418745,0.015028590635517314,0.014482594704985585,0.018273484424664338,0.10448239530783465,1
436.8437161805083,352.6709532013068,78.5711631344383,0.02116358985698612,1.2008212484446565,0.1102001652472856,38.913568156008495,0.026840485265270053,0.6617984546013973,0.03616092310635042,0.23751612059406013,1
433.5779323602018,249.687598687057,85.0284965743827,0.09956311094988834,2.0567296429761908,0.47898822541206765,11.299463867606597,0.12895134531801858,0.6653968554452914,0.026648681241292577,0.379900522322704,1
831.5196105317523,440.66401446987743,49.639721528118166,0.09811179078679358,2.1073970595333438,0.08269951441152051,33.81107364416218,0.06793212409628856,0.20480746308609576,0.01718637156119648,0.4759063274732007,0
952.5237196454729,129.71740525132367,37.20999244163444,0.06495089297074473,4.893281275780136,0.13959203897116657,31.567751765092574,0.1415895653402378,0.05797091604013538,0.03756436325947296,0.04457004071263082,1
987.4009574405839,361.68167850177406,33.3401407585385,0.08044140596774735,0.9863703167566018,0.2065200563448707,48.75258762311218,0.11148494893402841,0.015189124612387639,0.03260289132146775,0.9705733326273605,0
778.0403667330474,427.1518803416496,27.516145303438474,0.07151001612837,4.0158740584134325,0.32910568203250423,29.368525573905664,0.05120423461230261,0.2688514203192952,0.044346882197179846,0.7160630534195581,0
438.6336269778242,475.07639876331046,15.18828239791224,0.059315821903946825,1.7375442994482388,0.2951604883742443,12.544057455111894,0.13016559009786563,0.6598246283620577,0.014699035955059716,0.32319406532433614,0
175.15064502880188,357.4616127303406,40.8203180951242,0.00533479969888977,3.681264694303186,0.1065395715855413,32.06751871225847,0.02325473605857613,0.9344734846986742,0.04142666407777825,0.31869725728539733,1
799.4322243346932,273.7286438037923,34.322292291770495,0.04547643425526611,2.158053921048748,0.1803775926821966,43.64384682464406,0.10728207661600608,0.24330021359290543,0.03694067147269036,0.4485425493684594,1
602.5638247622246,328.0312580905462,96.97756472797666,0.06747863021674105,2.9339628392710466,0.15743829698871084,49.873971371257596,0.08742962100900693,0.4747313130707034,0.014600437473123912,0.626244822763033,1
481.79980832227864,441.0072430154232,60.19379436250395,0.06775316138836847,4.179797689298042,0.14609428452065362,27.2137269475629,0.05357471656348816,0.6118889328681361,0.03779282919486883,0.14637306658896776,1
915.7189465852624,306.77438598747335,41.25493351274568,0.03731226184223836,4.040411268421033,0.23501495141599416,22.8119496998697,0.12080099954790002,0.10290124947586698,0.02766189155519322,0.18892981376495233,1
200.07773407553623,63.67417686357659,62.24208408943264,0.09416919866580306,4.345473599344531,0.3668141536662456,46.26613187807996,0.17426671846805653,0.9102766316790396,0.047799391422233724,0.8594345828335509,1
543.3625938617732,468.92691297814,22.527703121112594,0.0167357032236781,0.39212489418882923,0.14785381949775617,17.649685163044854,0.19978093995261537,0.5424931447068592,0.015664454024715974,0.25625492388907256,0
110.21828029067716,360.2870379642025,49.963937428198264,0.05003594462155606,3.49104770989475,0.21500549586634166,34.61715660131706,0.1215525537486849,0.9946544885745856,0.03571333563262952,0.38019499797517753,0
521.7945777947136,354.4310235997609,66.36108892789574,0.06908839765508228,0.7859381459366381,0.22591284207852302,26.22857696723791,0.08094117486583403,0.5669357172654308,0.025279201818517838,0.871271850950117,0
150.6729481136536,147.0538185789727,54.000804861320624,0.06971358058918092,2.137510983290214,0.4894054382459346,11.643294598222212,0.04504142004324033,0.9576951994043112,0.04827258682363511,0.6631478293998225,0
206.9361246412647,346.49846160469576,46.160092058889184,0.06486389567688156,2.7880832337679737,0.47959986059558096,23.89153897222791,0.05141921787902235,0.9035315800071154,0.02319899581161106,0.34171187934168834,0
205.7736220993944,227.2389825443713,99.44635500097283,0.027528821345186017,2.073423475259471,0.41006191223843413,20.609140900106983,0.09589099562995314,0.9046773956092617,0.04848743637967201,0.6836995457246208,0
684.2892719044572,343.05483966867143,89.22832859340343,0.015620656868662198,2.646097211434737,0.15874651436863332,37.44364615773947,0.07345554025614186,0.3797150467030773,0.046059434044029963,0.01968321538141371,0
771.440391338881,97.96686363859583,66.10653623434962,0.0635940326826711,4.982978913113234,0.08061679134125137,47.95161990767673,0.18276290452498886,0.2767162966258173,0.020815329412426253,0.7356426600113652,1
625.0318885874436,346.0303870713662,61.24396250640545,0.059930211613943775,0.7625648371929882,0.19260686197428117,20.72188749514551,0.0736590935311419,0.4487720988854589,0.04214167107305711,0.4870160405162395,1
965.9552936270877,499.73617659679996,65.85944318421257,0.017935601028924098,3.4097346221484854,0.17005754724522387,42.45863756606727,0.0746889182290871,0.041518374403518576,0.04982416807214024,0.8131821472844613,0
437.38352157133363,71.69541748725021,28.118089704018992,0.07051391455705634,2.0404047352895147,0.27766661006587723,12.214392677536381,0.0767069024867954,0.661203303631938,0.020106520086851293,0.9546376520064683,0
357.14087765367464,489.72838289959276,45.56239689378867,0.04551719917336564,0.751748014645911,0.3999775595305069,31.524840401592527,0.16732404207353163,0.7484573020205323,0.027471086772932786,0.9257885494945683,0
881.7392153705142,233.10858232529176,13.551357960180939,0.0667760591603153,0.8778101405341168,0.4362453224954861,12.822002548395783,0.13015766416938038,0.1441784945684511,0.030807229462670387,0.9092650434553408,0
301.2362546675074,441.8390526517666,52.7991433738144,0.08373670797701507,4.751438220603522,0.4301888384347288,47.36131964522557,0.12283377006377855,0.8076147273045327,0.021797245432154576,0.5121699559338871,1
966.9002854965502,402.07346782622307,58.87221255618969,0.01697284285769232,4.410047333887634,0.2118540025503805,40.65405122229561,0.06682860447677244,0.040359739502737524,0.010610593585841191,0.36014211413893804,0
110.9390272208347,305.1573174440005,30.497476249288862,0.001914486799683668,4.544505606033607,0.3592554545573073,36.31799644818369,0.1635808353664879,0.9940141075042319,0.018805169767901066,0.46503532473067277,0
972.8909440368751,382.30214416309695,96.76259624489623,0.07791025863957868,4.9585106015541935,0.190775388885899,42.95585526498657,0.007672772271140227,0.03301137755115158,0.02127747537367034,0.6898960033133608,1
138.8439207555185,445.3320025856066,91.85091498435177,0.0609697425152616,1.120745411041738,0.07740749445583223,35.900791822806525,0.17415943446762264,0.9687008662829731,0.027743988052727486,0.8839977768711867,1
902.028802328264,231.86314474296483,74.99289119103153,0.06996395696221218,1.8416527530839029,0.365704369521324,48.75777588697164,0.10254997995878593,0.11955553591489654,0.016844099136536075,0.20698630300011955,0
574.9309981776698,197.16492270345742,58.004796588882634,0.08381549749886426,3.379173246631847,0.05442239865640453,38.55831791459086,0.07965004697268258,0.5064783518474031,0.044930174267666906,0.918193158461703,1
993.6683165073703,350.4170235036131,88.29722436829165,0.08028109348245005,2.4706324453171717,0.23413216435631984,46.98634438328987,0.09943345614353714,0.00748080163811049,0.038196445309253445,0.8151802319698891,0
166.41690826185896,413.53067387356634,21.758710944111662,0.09609201469288248,2.1501087135538346,0.19822067118593406,30.68527568042552,0.13348310610676623,0.9428243938245288,0.01340801910238648,0.9788560151782346,0
598.4688559611886,393.0283106494771,81.14588148473965,0.053593507885211826,1.8532751217444061,0.3620198923334836,14.682576519274505,0.0025530853035794724,0.479448654381211,0.036003698045597256,0.8802517732816871,0
972.3722820571891,409.0161419863855,21.23387325701635,0.04884956326599054,3.0095250965229163,0.3948104627421705,31.127108856920685,0.17431037129164956,0.03364781504028325,0.036146259056224816,0.27993732969190666,0
570.7880597531339,246.01249166581985,81.47895962944649,0.04018871998907301,2.920407800336402,0.18684258618707772,15.074913122523732,0.08934790506227858,0.5112205354101117,0.04824884694574511,0.10595591134404769,0
666.4587743217363,418.0253972787597,34.819081142622125,0.015369104284420454,0.8911433869147765,0.4152321565001841,33.6997391670562,0.06859330394001564,0.4005816137211643,0.01012083485424645,0.11224107199158861,0
726.1738200861555,104.09407491677379,88.93815229163701,0.057260723288202246,2.411525203840352,0.18226254222722021,29.299722421106516,0.027649113126811422,0.3304172697346037,0.01991729799223229,0.2912233185782761,0
509.0869582909959,295.0200940823823,94.96378844428581,0.02770125243259788,2.8120117034282646,0.25084686199395256,34.903015913311265,0.08789307487168843,0.5812723527225452,0.04711165917501262,0.6141837239845392,1
664.8022720756571,52.591397224154704,23.391637246460405,0.09213075122129755,2.8944059997838134,0.37715833715636027,10.401879242193264,0.09926455425687578,0.40251643407518056,0.04728535661593133,0.8043203260971725,0
625.8828807307902,196.06362345512164,51.640804455885416,0.05831908042770976,1.129525245270524,0.36181410315115486,17.793619666214564,0.08072933889869556,0.4477863761848916,0.038823456774825495,0.8992503069815647,0
911.0422094418901,214.90769069212905,98.28886403464166,0.059284018050811016,3.7371298220362057,0.49431581254049,29.653217276485236,0.1357320187653794,0.1085941856945376,0.0406305328419016,0.6237533843692328,1
140.90174230731208,228.27771122416493,53.506669237583196,0.035492466087701006,0.22347556462324122,0.15132246089716933,48.02014246356539,0.08417930575184521,0.9667971949927276,0.013659318317185885,0.0056313127480537295,0
352.8668706330073,362.960243010438,87.71927702630906,0.0051989351977707494,1.8386760921614973,0.3480430610928121,25.344361614206335,0.19228351556931467,0.7530310366163315,0.030555033391129346,0.1863167765185335,1
955.3703356689028,224.8511455716556,62.985836991818786,0.003174376537298862,3.923041977824605,0.3243568587240998,26.974881042145388,0.11985550356471837,0.0544865013029765,0.019263319651559977,0.09972620385336795,0
901.2374055018247,251.9121301801388,43.77969171276417,0.04233351441531975,2.8630753131714717,0.46179430452051345,38.587843560264886,0.1614955871303818,0.12051729865147076,0.01724872174454469,0.36332447556901004,0
510.0910775071416,156.89485889344735,35.72051999732832,0.008456537809723786,1.3796959193032154,0.12036296374019378,34.15171029144472,0.02187118062189577,0.5801412947701998,0.042412131964933306,0.5013509936337459,0
658.1193380213831,217.96330623320304,28.290078197747853,0.060684695554013915,3.5052702847809343,0.3883091736141198,21.95704600393333,0.07945825858918115,0.41031566112769313,0.015401525467221898,0.04339717857856085,0
349.6430646830194,152.27133226841818,78.56183722399275,0.08809730056396575,2.88021562636476,0.30572087732094577,26.43265582269711,0.06736954028943054,0.7564755933830417,0.028746065479855407,0.3484779757956553,0
269.30904375138516,82.93816569579964,44.78864561407251,0.08829148165187223,4.001593686336297,0.17359964140455744,18.707991954289298,0.11389647762731836,0.8406911325048676,0.047543129583441326,0.17917967462532258,0
517.328564445984,321.55186702162007,56.0147915980676,0.06590454101322324,3.701623412330135,0.26349571136622835,48.640858365208345,0.17222270401228512,0.5719797913538661,0.017433282222613703,0.6470701662588739,0
418.01700522344754,350.69575934975734,54.309293200106374,0.0211231831472931,3.08952881797755,0.20019946868140903,15.225375262294389,0.015667643552401335,0.6824895328272608,0.04911973694952939,0.46427236932434,0
625.2905006657849,328.77065570432654,61.95511263098181,0.0862996831358872,2.492070609022989,0.3106910312548074,24.873471382656778,0.014514959608942158,0.4484725619651656,0.04977151943044236,0.4953176469339088,0
169.96117326848633,258.57231971025755,87.9019431062097,0.08860934353132083,0.7525924157708648,0.45005027486659965,11.033558888800448,0.1700635416315198,0.9394438849909446,0.03222468618729612,0.4276917880334611,0
976.9553268995498,220.90360108065343,98.26654092250864,0.01966535849529587,1.3805317876383807,0.3061872429854909,18.871179677341857,0.042570017207671486,0.02802258335819574,0.016805709607086317,0.956019710486567,0
987.5896700316426,438.50014230732137,46.68257877164353,0.07374260857706773,2.153587417293718,0.33427508824696284,41.2188455352062,0.13375065088996274,0.014957114301824781,0.022644195517635825,0.21473512512156323,0
728.3455426177707,283.5868033112981,84.47670298956727,0.028651954892712297,3.036566506331305,0.28343653120161927,18.047009291555177,0.10857562647216104,0.32785071858231496,0.026979713307061406,0.5166642598438743,0
582.4867297097084,265.63184493337894,78.80750151892458,0.08026403123529297,2.617168490554994,0.07302447790046417,13.202536101158625,0.16657871897744592,0.49781779304539375,0.022372968974328916,0.7360173683653359,0
378.57485465769497,61.538929612896055,61.617605631001595,0.09972378999036027,1.5121041772016945,0.15478635059424242,28.97812719378093,0.025017781967280706,0.725401939986192,0.02122542319506063,0.5568444131345626,1
832.4155177362538,203.56152243177036,96.04424292507397,0.0030026005329392815,0.1316753531695817,0.27140077824443726,10.398769389380739,0.025956593144522255,0.20372991042512645,0.0488891883686543,0.9290208857168011,0
716.2580552984914,221.08802845363567,28.042706397556252,0.0897365865790932,2.5315721873139885,0.18960587768511716,13.390646177053327,0.11136367205566151,0.3421228667712053,0.016134593096629825,0.37796835564128417,1
246.35524541040218,229.47025140360523,19.83377892786593,0.06226305335986581,1.4995673439549912,0.1317936189925374,42.305034782519,0.1892757306716742,0.8641103209183894,0.03933311634867449,0.463675805773178,0
919.8344660444582,311.07756615229954,86.85657702598799,0.09733826191648212,3.699580673481622,0.27685977886329727,40.85893379438426,0.08299955167415085,0.09788839954800332,0.010016411577566995,0.08852231521472842,0
840.2835186308521,290.1211460270953,49.52348349703735,0.046500951752642766,0.21733669982536913,0.19526440705153264,46.60555281619584,0.06538842005093899,0.19426023823151561,0.03384730677609508,0.6089991110519285,0
954.8199219627317,323.55729175705005,86.22719687863544,0.08473879305713738,2.9656562753983757,0.16614843942803664,44.18061743642998,0.12133786463957717,0.05516034110664991,0.046637720158162095,0.28821196844810604,1
753.147557549524,394.1974676939577,90.37811846758734,0.006239406859827723,4.7132237637797205,0.2587934378481714,37.327022529592725,0.18608972010900623,0.29846880110692,0.021517363763728762,0.16030903951556885,0
652.0736763422109,415.84358242224204,15.62118342571643,0.033527905007829574,0.9546054088463476,0.10997791613697791,12.093314292026513,0.16738556656892475,0.4173620668936877,0.017421039010308767,0.5445312929045081,0
476.418732661557,373.1553843019225,89.51182866874547,0.006701653775120997,2.4110825046779176,0.4674855798839333,41.3139447194663,0.19909672214664398,0.6178985882567855,0.03606719179513708,0.5323102633799106,0
939.4556350186119,479.98566317972063,50.348714983247994,0.09753431334790706,0.5479677599039771,0.4404659440636576,43.820432433622415,0.0045137166404754184,0.07394990983014749,0.03850405629193573,0.07587164122404755,0
879.4575005503675,58.204662204362734,55.9389240103809,0.08169739072718368,3.1658413700806283,0.3684292635832409,41.96328583087818,0.02257162894255245,0.14694301213031669,0.03752122075807925,0.6982154534944728,0
140.69680309557046,138.10009355759576,66.39332599838892,0.08525474212459705,2.7976052349215057,0.09779622241480529,30.339161412321044,0.12189355267332441,0.966986993286156,0.022772675200854964,0.6237721906508529,0
123.73027704752681,53.40329374016395,93.3744346057078,0.09379652314338943,2.0960910686428784,0.3991447645113619,19.316073545979265,0.16411528786676996,0.9825319883280408,0.020088096086373235,0.1890172827464972,0
438.8170301902446,341.3636213695714,11.720448498678763,0.008510348611978536,2.654747405221332,0.41358079764905853,43.81319902754907,0.05704886846135331,0.6596223159334598,0.04823675199848177,0.46943486215404384,0
829.4979977036496,454.1137470274941,52.91591214860354,0.03855975925133334,4.49321582649815,0.395494077971452,39.08651238960554,0.047842217606843755,0.20723840600297327,0.04693198033079718,0.72032291647856,0
988.54851638345,159.56703345933465,71.89498381875046,0.0071034889044002125,1.0618420813242286,0.10128464920365852,49.23044697555406,0.1573951598762402,0.01377818604425296,0.028292664395712812,0.5294357405412765,1
235.37520199317535,467.165545158338,75.04362619284056,0.02107931015500286,0.21056610735620146,0.33975858068049414,16.227703910237317,0.011276370770646317,0.8751970133417072,0.04384775464617494,0.3954890761835702,1
634.7176438169216,77.12032563030237,72.32791883833971,0.02293657770376724,4.3221579350255945,0.42544615808722935,19.026583322082203,0.07387652951651702,0.4375422778637301,0.02809293910537184,0.32233845808094364,0
442.80177096791937,470.49621206248145,22.099161646730966,0.04691072110475787,2.927873703700742,0.30980903054885045,18.471925995260108,0.10116184451846595,0.6552238023980901,0.026975560722900416,0.6103938666440536,0
972.9229580331429,208.2302092578355,36.94560295345131,0.02685621674536426,4.464226431763028,0.34088331885264006,41.70159070485347,0.11206973487006469,0.03297209254456557,0.016270517903971785,0.9391086983102406,1
857.9070308221378,95.63937280214743,42.28439728753121,0.01009781068177611,3.025031594724546,0.2562635657418378,17.47629185800473,0.14572303135855538,0.17300767881706258,0.02705624225967891,0.6717448404774834,0
854.495834240024,268.6422916338465,82.39934869115545,0.01674910890941077,4.069789340802543,0.2879182939478237,12.666393192932244,0.07096914468613165,0.17712574791055746,0.03149667754399228,0.0747459036363155,0
521.8238438154733,165.54945547422858,35.088388517309774,0.014727556355209094,2.2053994804402253,0.06546958625827635,49.94243226342515,0.12253686893492144,0.566902643495618,0.01090017309714746,0.4606849734821338,1
473.33755210389864,178.1928058828653,28.963446748048284,0.09730767979122984,3.774313663312517,0.33753335988797806,10.992688457805965,0.11707508455819127,0.6213354364515413,0.02776452020701626,0.8908241315106276,0
346.0663647376356,188.28048421682897,96.17032171342865,0.07592925069184736,4.573903187760294,0.08665124580102164,43.40976240635462,0.10952322013074943,0.7602917902938223,0.04125424873580801,0.09446242580108688,0
150.7379469858344,411.36165402469857,10.7976956602122,0.09677614652695621,2.903402522238811,0.24575656745310054,24.614673662026114,0.12809665862844244,0.9576343144610429,0.03720184225497079,0.9888757121375433,1
878.2501386295479,292.6225745038645,99.80387701137803,0.04397404865079085,0.9858472377556597,0.18169479395033356,43.66461839031261,0.05188983421361526,0.1484054747437875,0.0354062795545574,0.9490693936454213,0
831.6109082170698,190.08846462020165,70.9139168971656,0.027836848166265662,1.4171083136479712,0.29544257759527087,32.184819648445796,0.016929750716925797,0.20469766164316583,0.0463822171374881,0.07827448072987586,1
999.7459059575175,324.6502024899133,84.56223695042054,0.07982931972091867,1.0733584267972884,0.11003735098544319,46.065249179454405,0.023854334407948687,0.0,0.010721280393009201,0.9334133204495549,1
996.9731533665148,372.2678034004371,36.51574567115738,0.03262539180411468,1.3095994352190914,0.3612395308879932,47.047719456585064,0.044916476530780215,0.0034136498394308212,0.032281903447689365,0.3631325902594622,1
599.8885350423648,172.6808003300902,11.288374990035399,0.02993833737053483,1.6014357018200784,0.40775519161781165,10.36392725123104,0.10003958710455706,0.4778136984438338,0.041493953936388286,0.8447091670758625,0
792.0886736624594,236.09709568640818,76.40825667053771,0.02325059922078312,2.820155555090624,0.12350950238442043,13.016487039711532,0.16808855010920404,0.2520817853252755,0.03165341530805069,0.4183833377132715,0
950.2891568941852,104.84874200162639,85.07301373006082,0.012967897822423536,2.981158984372781,0.09694088930834698,20.01434918283422,0.14025866841767684,0.06070521596961731,0.022955822103215166,0.44085511270251587,0
864.6826516096703,131.51720729060614,76.64285187581672,0.0256463061016766,2.18984876148512,0.11548196725431162,36.772616654540066,0.15780812084040943,0.164821749227415,0.015450022603679114,0.6342430909775426,0
322.6132915688779,356.5030342842423,22.856525857075475,0.03553197484738877,3.115561821122094,0.44470740285432575,45.53088786046024,0.07019512478521828,0.7851698333875616,0.04550252287264765,0.7744774192759833,0
505.48972177908416,131.64725646303214,77.80851300312722,0.06739942081457305,0.4997171354956931,0.2876851677903603,28.39767805175851,0.08093074832971003,0.5853218088416996,0.028830495695504117,0.033789150948248636,0
216.24347363634547,286.3235226501771,79.20305038968769,0.006256484221945158,0.5301623615849839,0.26026744820337616,34.278924650970616,0.07873637719812257,0.8943216375945571,0.045124607879428055,0.5931559955271343,0
958.6459245328501,369.0708177750947,69.26864641030494,0.021050693966534296,0.9419643557525265,0.09802031859605942,17.539994111822445,0.03837463688090031,0.050475366100944274,0.03343408489732674,0.18673299409737099,0
645.557171005792,98.09461539263472,78.95043395160276,0.08090236402916764,2.6385797403976894,0.3423002030406328,42.19867335526742,0.012243331628714405,0.42494747844164527,0.036967684664600035,0.34594951786320294,0
305.77852495311646,305.2904988330066,86.1329295709959,0.014692192358377078,1.1485739256217367,0.44059981635279044,48.69312445413879,0.11818321856544536,0.802864772612186,0.042170446175138,0.3479686661552165,1
704.5306159652711,165.4532526656137,65.22437028137125,0.03426451465225216,1.4880935771136292,0.42268364119555385,20.7439573165839,0.19784333668411724,0.355939536810843,0.03636622178400538,0.4690603402211536,1
656.3154164121063,483.3170938569109,17.974424257271117,0.08646589218581402,2.061532897247671,0.3317246190413606,29.793038064021854,0.03336594099005257,0.4124190964582932,0.02592219362715751,0.3341364118761734,1
422.3464462295565,267.5955410239661,53.88650287004898,0.015492531114344267,4.078144007650861,0.08387542249325314,13.444644420254953,0.009336963979854751,0.6777428366420839,0.030545335357146042,0.10736111845066776,0
202.2018329796661,412.69664739882114,16.988440120444455,0.00827368356181899,0.16792446597301458,0.10057866222920583,32.36546625851874,0.1559063363647866,0.9081914905612463,0.042121820987035194,0.14562873852545144,1
704.4158760335197,297.6019439703178,46.678872792918774,0.048453799508001084,3.2819562191594502,0.07218904419942111,30.111337673867222,0.050517201336944845,0.3560745681938984,0.02494601185491937,0.03343798556109767,1
568.276930813414,69.53563978466863,46.63958402130649,0.03024195112785364,3.3774950020993586,0.1658656474216112,15.777459366203104,0.16592876107058568,0.5140926033036307,0.025524858270739883,0.4702490853287543,0
795.0865525620754,334.91811901731006,15.940885972621743,0.05634083644838542,4.013413323747519,0.11104766022217,27.682648524723,0.14078733340690308,0.24849813398647302,0.013827604642320046,0.9544476948529885,0
568.1471510007941,478.13150399299565,41.39384805725314,0.08038048904834752,4.6704894013955345,0.16702161811359525,23.36418608346253,0.18913470741016092,0.5142409902193134,0.04658337740886991,0.11567522364811655,0
866.9633502866861,320.725319065849,19.989828891218338,0.013714848815274317,0.1986754598515202,0.22327612507353278,30.873235012207573,0.0817854471513344,0.16206447237553612,0.013641452597817669,0.946264493003082,0
596.716154897037,418.6349867420556,82.74116890082999,0.058069908455428504,0.8535401570147594,0.47434225283201104,33.42617341715197,0.13239396789012683,0.48146640747092717,0.03592836709794223,0.7333615147320935,0
604.8441743818477,447.8929085067835,95.29192233680237,0.05055087603898639,4.442239340874366,0.3246692269017614,10.339823144288381,0.09297095616265415,0.47210250483781036,0.026527779152111908,0.6374988029341632,0
888.9882423925105,152.6358973770196,16.508482773214475,0.014407878601319958,2.3467409547163753,0.42573820355733305,40.44023931798222,0.1261177394617087,0.1353895098900495,0.026224775610217695,0.6452777553235629,1
463.1345795911573,145.42017795870197,95.96036865625312,0.06239984855289824,2.8664941307739715,0.3696581753205495,38.520571674469636,0.08991978120154748,0.6326937531060952,0.037182073462907354,0.8267276483962821,0
220.61370560557665,324.9414449829463,57.031893940307064,0.027364041786077167,3.3488332982434224,0.10062640873698428,24.65145544826089,0.03772644928481497,0.8899754514879559,0.01268374930519515,0.10691986437982137,0
125.90440868200508,234.9628114130171,36.96091101584865,0.04878343185440125,3.4274263620286236,0.38116418286827697,12.11743742275273,0.10157948320067618,0.9805592764377916,0.03374823131805738,0.5047543235655417,1
779.6235301062571,427.93758629002417,16.917586774854716,0.00822723242770619,4.66552797625089,0.17379449670160602,40.19730159140202,0.10571684028748847,0.2669635406798445,0.04088127143889419,0.6970911382607585,0
658.2785962181182,455.010405529105,55.056184126337605,0.04595840572136231,4.985052145317181,0.33759853114761784,48.2070064191253,0.16212076965203223,0.41012992351203925,0.04312851031546377,0.5868204450735637,1
733.6717912893013,209.03962068622315,81.50639900416738,0.030646346804282035,3.6287715585616076,0.20343288813934485,19.606063840880566,0.14710414115871626,0.3215518716636184,0.016821215575751013,0.8327790710232946,0
291.66774535801966,156.59175153851692,73.63778295400283,0.08223812111853544,1.5073839251052392,0.4989525184690966,22.940984549481517,0.13275832478828883,0.8175856369728449,0.04589676200312695,0.07227170901135149,1
222.7343280280928,401.2364818597378,14.520341031757638,0.005697872699736828,4.410786771242283,0.16859816577355002,17.3525155792726,0.022677419110514508,0.8878616224991864,0.03624584367389769,0.690701039499166,0
113.09019910109373,173.66271599666123,16.561165183111317,0.041860727491833,0.3411824812497319,0.17560871184842136,33.077444933793586,0.14412325813274302,0.9920984815218623,0.045274192032827315,0.5340277303847177,0
415.52880292593727,420.17644333115527,46.25859543693734,0.0458431424131438,1.2322961790850315,0.46880251500307923,16.193655785898198,0.10006103127090296,0.685214383601469,0.02941122868440793,0.3791608639799434,0
630.9259181691698,240.68221414194326,36.57614446431489,0.07250060762991188,4.497190015572203,0.0610899820863452,24.247757738455178,0.17881990722123187,0.44194122684949555,0.03168133380388808,0.34027498223403085,1
453.0196405897591,350.3974546811617,30.914589075044304,0.0574287575090211,1.3553384207528394,0.3635100445429386,37.88052055737052,0.18397418682610855,0.6439195169506695,0.04676153108114685,0.6208326327741929,1
493.72742982135617,92.99089122560068,35.29040490178423,0.06672123371941811,1.1811901921465677,0.3763968758311452,32.40463932037393,0.011031318120357092,0.5985347952906936,0.045996381734186874,0.8909953746442648,0
913.7428250443736,330.73669610445785,82.31344689671961,0.07770492856517562,0.7768139363872115,0.4263703598346797,25.45850257311741,0.16412831207089576,0.1053072134699633,0.027926434934760082,0.49617592610111527,1
413.4299203209703,253.2954554317531,93.63052482686685,0.08622029736581888,4.309647612469891,0.4884976897873139,26.809984072301674,0.007539478084534124,0.6875110837278581,0.02097650526542727,0.8247231640769201,0
562.5905402438298,313.97380842896337,46.45924250748098,0.03138754967224705,2.550285470036325,0.4890208636204936,32.48443530492918,0.07343392513900453,0.5205899327403395,0.025726817382570565,0.4021563818439675,0
805.2877114670288,125.60639348518853,91.54999019192473,0.0538022705363903,3.406976694965359,0.07937454090490875,10.234589115486452,0.10845999512421584,0.2362905673681469,0.025510573141189992,0.10239446279317654,1
456.88850408914317,381.59318522488195,38.93461311230938,0.08401080784392,1.2714252819676455,0.41982769523880614,13.140394738144394,0.02962015972542549,0.6396298850438507,0.021474674999311757,0.06150573645863855,0
659.8780302050861,438.25868489445287,52.87932877094124,0.09894511309650565,3.814398062954961,0.3408394701458216,45.250322710520464,0.14926276251381537,0.40826422360543657,0.020743184173318663,0.051334371323677574,0
876.1273378720707,147.53291004084906,30.342609803439974,0.08895193110437632,3.8240271703142827,0.341303960467891,13.11515956365163,0.0016709408344277145,0.15097617020201215,0.04444251745918878,0.38015014195766994,1
954.5685612918779,93.07154998407277,67.64284379582597,0.03714672626243768,1.631730322050671,0.10775746697661266,38.27214384842021,0.03371980968680737,0.05546805106854613,0.012794476827386467,0.33723775083584207,1
232.36613283613414,60.63736372085138,98.1083003657328,0.019516651721865043,2.112344901750386,0.342584224900544,46.801526564362106,0.11615936597069515,0.8782215383904298,0.037104447283983766,0.7179370236225695,1
933.9288626453449,338.8871751994697,64.31437864390408,0.048939253740658877,1.1274823594079844,0.49211716127056154,20.827344172069246,0.14287751240745847,0.08069927318539061,0.01691280205825809,0.7428215015848658,1
542.9046637715844,323.19231623995137,42.203267570219396,0.07416414518360423,4.885149014282231,0.46031835629275114,24.81965748238057,0.18332862053878324,0.5430135114138471,0.02378023573576253,0.05085396883373983,0
332.41994946906254,296.0138357213315,68.30357013914755,0.04925690707532976,3.2634526275862172,0.24760879736218272,32.75685623378865,0.14109933038692477,0.7747985703591209,0.012461721365393474,0.22112326288901496,1
513.2221806144352,154.37619325218895,21.06286106188488,0.048318086331366854,4.679265015506026,0.06797658797874245,45.268358785543384,0.1343558540509732,0.5766123902814033,0.020798945474218483,0.2742618501588997,0
982.0293177569293,225.9076981574816,89.97931722388587,0.08382304210818006,1.5865891637827527,0.2130320705000922,47.67622349041681,0.07886822927013287,0.021790859800417728,0.04073684284468969,0.5476119841428094,1
543.3562845935826,317.5143508337779,55.27755557018527,0.03614037790671864,3.93126547368476,0.4218756402202498,39.582529924450725,0.00025688510536028277,0.5425003146225466,0.04540061298189035,0.14451522390695026,0
395.8764492587574,273.54508648662625,50.441476783567786,0.08597946748116457,3.852707355035236,0.3656745956593247,13.464790434187762,0.02403185174712439,0.7066531572478596,0.018861086076094682,0.13394121940000037,0
670.0607688850532,494.5034840966993,62.727830960816725,0.04068048009517236,3.489112694146054,0.2567046450172804,36.76616622139403,0.10691090895120783,0.39637221744561013,0.028541913570356875,0.943788889207958,0
316.1310569003738,111.39788865052991,66.23054765104622,0.03282331056783394,4.831630978807322,0.074795690821474,26.41214887490648,0.13502597716888395,0.7919998756095579,0.028812961917488257,0.804202907297781,0
168.27699529779753,362.8150493214172,16.459822560386172,0.0453989911199699,2.0284211469209463,0.24210262752048617,28.828039979642462,0.0834896567792925,0.941051698659816,0.04494301223038937,0.1806549020911703,0
215.9917497195843,231.94344564693145,71.43554991010622,0.07624469586748685,0.7405148855898108,0.26106122287304756,11.965935613807082,0.14613580230567805,0.8945715601990986,0.04051196211503222,0.40656780790549096,1
215.2412550619952,242.68982671652665,31.773851228397664,0.01260020278639943,3.391373410295898,0.4678499898023612,17.642485573854326,0.10437245906643576,0.8953164130433928,0.030523088734721995,0.35562199925756555,1
236.71242416106492,372.9189945461793,74.25573692559308,0.01964192158720174,3.6736180223383106,0.33848874661197176,41.62054430134591,0.014835239118862443,0.8738509954808562,0.03682988801887094,0.7910040740654073,0
224.9444553844691,361.59626809596637,84.0281314945777,0.0951444825663092,2.917796809948192,0.190243812494592,28.15835332191439,0.03840325019358977,0.8856552298395532,0.04389420215637468,0.5102129164781221,1
676.7872703228932,496.0651971659847,82.35626567972683,0.017549162738135737,1.1134076763536418,0.2863932190028246,22.066489665245953,0.16799964464878858,0.38850337057856477,0.010381558161021797,0.12784973699346702,0
263.69207595923035,107.77743025435635,59.72508706671002,0.05677273179310546,2.5718341141798415,0.07972488851997203,25.360762958598325,0.1449825493248879,0.8464511809754182,0.02611560124200195,0.7389920631562439,0
411.1005549914769,96.84934222287485,56.81529030796761,0.05793144666619379,1.6297297091887344,0.48765570604238156,44.17598053302721,0.17895239740249902,0.6900580463716813,0.04628972669108315,0.39688797822491895,0
907.1095689154106,375.9524677079335,22.858836520547055,0.04896244620502448,2.194585988016777,0.2120269558688267,39.95996069619828,0.023511449824187316,0.11337844921421625,0.03961252123375806,0.26292424763214706,1
526.5654762365851,310.27411265288407,79.7811535362822,0.06447452485768186,3.2615710216388534,0.26504030971091114,20.89261588724331,0.19804450692301478,0.561540720615614,0.03171365497336299,0.37549862202072015,1
700.8019646689245,173.37229995191262,34.42684424020429,0.022982672579761845,3.7515522391850897,0.2098777884066152,14.700073608494932,0.041881342789986724,0.3603260982722032,0.031185781081405337,0.49775656360689635,0
255.08788408146685,85.73871604504397,54.70258805361519,0.05526622677767482,1.2379009854165814,0.35713027855229007,20.079928865762867,0.0023559752573284022,0.8552382758810559,0.023910803904177512,0.34311551641700944,0
273.06011692780373,88.54621231839374,35.5846683634765,0.03721732552468972,2.0860942671700715,0.34800447124831685,46.83025804218935,0.19948458781071085,0.8368343250257484,0.030820821345660582,0.24190577259175783,0
136.78175463983098,452.3858935988532,22.044552669972383,0.06616672596291891,1.4188916978589832,0.37189503973811106,33.26355351399022,0.05621477708902263,0.9706037920713422,0.03621532797853813,0.39850202880398033,0
252.0415567649481,136.3402961234343,66.66019272025629,0.014122354337314947,1.0732949079231588,0.1706644533253644,31.339208349791313,0.13360389050251198,0.8583386044636243,0.026734521537151723,0.019172910749898242,0
350.73130512876276,195.51720295198433,14.889883134061344,0.057087741683947625,3.9385973779796086,0.19205081652382971,33.85574398769846,0.03533646283526104,0.7553133508387733,0.03856612585568696,0.7724978460963139,0
259.30943584907214,151.9953810021446,77.378071071358,0.018527035538332372,4.555338202741263,0.10636305399329357,24.641130629860612,0.11604570643982835,0.8509325391270188,0.044449289090415435,0.1709448935675858,0
179.83228038135005,209.7483376243718,38.5828115735005,0.02786430631150364,1.914137709854426,0.3449794873307507,42.28428081278051,0.18080699729091187,0.9299689169725197,0.016187393927394447,0.043904613630637246,1
208.5722839905407,81.24072923574201,10.012122370403679,0.021870980032358323,3.781266729431458,0.06790870730104365,30.931449972009993,0.06403623348568772,0.9019171850436658,0.028061880912696978,0.6536986929050792,0
514.7008912294532,283.57690590872164,56.001622531350684,0.018283777986881713,4.495276917885614,0.3189570509855566,14.66991611075182,0.13405079520887184,0.5749447767240887,0.026320803651403248,0.7739361288236722,0
285.7003465652133,80.4256536164967,14.216671767484282,0.0825710951560667,4.2460086315981345,0.44136314818323524,15.162604993162518,0.0375807177596833,0.8237793427068402,0.03749859216198913,0.8138291315928432,0
427.84287494326793,410.1604285200627,34.85526020388095,0.028570756766089035,0.9957856038422069,0.4508744667303351,31.474365860104733,0.12495907974374505,0.6717067355254833,0.019994698610317177,0.49350918266059995,1
553.0755437693712,155.17043685969486,73.62788387101446,0.09271237818644494,4.7858302194154705,0.25206699216648276,47.462808722833564,0.06729007036350203,0.531441803550618,0.035610036598091054,0.2053681846899853,1
721.3553457664287,293.00536157202976,15.642065945967929,0.0969926525345191,1.9457145581043662,0.2566866596958832,22.33408486704795,0.04224165171759034,0.3361081478970416,0.04509956966925952,0.7372276772498267,1
135.38092585698905,446.0355894026562,85.54046431204021,0.05712604699370974,1.7622792397517983,0.08463613235360781,44.78164675436873,0.06263641014072703,0.9718936919563423,0.026725263991744908,0.6997130771543372,0
819.4693590181383,342.89481607123736,10.34379303927248,0.014300112266572641,0.40591350366112366,0.3518442614493661,40.563823463155174,0.03576821370155987,0.21928623332105834,0.0464406279991688,0.24627073410317324,1
665.110350541817,289.8310039481009,32.2141482281712,0.037454824337958124,2.482250905113927,0.4195667391677805,19.912497716276274,0.18038322156757658,0.40215664224648284,0.04972654955733914,0.903407755862793,0
173.5831287539847,195.95018890191903,76.68136505368643,0.07977322633482141,0.6341667166405507,0.16009477457212087,11.453629932649697,0.07943737726342577,0.935977385700985,0.014243681997918083,0.104371458082829,0
886.2207616960995,199.85086087618907,38.46431347563761,0.03673907286970705,1.3178451225443875,0.2395853967350141,14.07389060569531,0.04905586099487347,0.13874599474735883,0.019322127519394345,0.9826882395913257,0
928.7851604786318,351.26912983918555,19.17031492594122,0.008701721830278874,1.653018846659679,0.42747770154437165,39.13975735389761,0.08968156820318658,0.0869762512951534,0.04801519005928373,0.8602478109774646,0
154.97016386937736,497.3627125495254,42.42105269203851,0.0556784910928188,4.063248985109252,0.4447042104480296,17.986789521625866,0.06410723336129912,0.9536606558111624,0.048333107459255474,0.6878986454790752,1
349.18988333248336,347.8276354322204,34.3353957746073,0.08451208514960348,4.3898943869398925,0.1594309911189017,24.85083682021575,0.1488838507626652,0.7569594363326133,0.01390829101547034,0.9387498882798329,1
825.5811518137552,301.0025378165112,85.84407119444994,0.07959263871435024,1.5820849555612015,0.2977567855436139,30.067966640256994,0.1942439823770989,0.2119461381249309,0.010599940015085468,0.7223111683237078,0
773.4337213452925,378.79272960766076,38.20131258266288,0.017512314013035324,4.307620794098412,0.13662191778612218,39.018726738006514,0.08760673133952937,0.2743418635576724,0.016444000930256893,0.19045699703004593,0
266.0689174207396,259.34252552767316,81.00392245984065,0.06727646144124667,4.300431593111976,0.09584544386280044,14.529248930365014,0.17220667999444808,0.8440160456146274,0.04984051133528993,0.44215613811281174,0
288.41439100303927,77.06405417035334,90.26849303296612,0.022050426343564713,3.8467896568858806,0.4600042256263809,26.25465621109846,0.11317261471192391,0.8209647533901023,0.017199984664427473,0.07150302433163536,0
433.4248925122438,303.0335671450594,49.04356776188766,0.021820753455217223,0.8188060586743896,0.41922837690444914,29.402916365707817,0.0314471330188467,0.6655653885254926,0.030101904268880923,0.3896574222881154,0
536.0706866719192,480.9313780274211,91.89488294689528,0.08740717733051852,3.4825819498135724,0.39201570581142825,31.633082558861588,0.1381245484162683,0.5507720943284611,0.04393670905722045,0.7416030197372087,1
656.4292943772664,128.88632406094683,43.95862485668736,0.024966895274023015,4.730617916444787,0.07194484346591319,42.734425655808664,0.10268689942516403,0.4122863336002087,0.010816064427528254,0.3864433509308174,1
432.02227561279517,360.5022008692996,96.76705748410974,0.02632473465180112,3.44444834595907,0.42967795671961584,16.867127801728678,0.13012130465042068,0.6671096092278124,0.034179559290338384,0.3302941754681341,0
516.2812445198331,140.4201598965754,18.036057207301564,6.53390761299555e-05,1.7249225606283867,0.24711983415742267,42.313258073064894,0.177937482514333,0.5731618045355485,0.021081017954784974,0.5953557225103119,1
772.7238443203809,291.12245801288657,71.83173398529185,0.08706690341255177,2.5528386554110734,0.20407780548313686,37.715137107866084,0.08808691413120923,0.2751875531898358,0.044493396657589265,0.872204528998895,0
133.01488260153812,93.50440234102382,54.44326364112358,0.07925948132091348,3.2640527124201633,0.2959143624614194,32.23483256795838,0.18023552464347115,0.9740672346911798,0.02133844597056317,0.04758319254611243,0
327.19324990961866,252.6669213161833,44.88839249100823,0.0627328935090678,2.6017950027696677,0.09110895922560013,37.981114816102874,0.150133802856331,0.7803318829604873,0.03747022881127636,0.3854704346997354,0
742.0146272960972,390.2734980028607,66.94406908737409,0.07502657639388423,0.6877694144817521,0.39049094720857946,26.480709558066255,0.09772098517559696,0.31167350840351726,0.03696878529789588,0.1582407418152627,0
905.6861539184794,206.40718590754193,73.34713824708982,0.015204856742449181,1.6291138187949012,0.31209578459973314,15.535903438724983,0.12064442713159274,0.11510945445428766,0.0188597419543856,0.6953542507318696,1
560.5096979040995,349.2102760192481,10.392694268527817,0.04583235945875755,4.0317405497128,0.1339655435929254,36.63060961061469,0.06511622650380229,0.5229652929425469,0.011391967994734005,0.10572456043113487,0
578.9021367387841,407.95248235537815,25.025777987247885,0.03512193873487809,4.3209484258680355,0.13470448989607053,30.986892267424892,0.19671945994775486,0.5019284535620974,0.02636998295141589,0.6648077585802445,0
196.45481020579845,467.2300187657537,74.17414455708868,0.00937765262570165,0.7727701603062942,0.1329118932077034,35.57499202171102,0.1334702326100792,0.9138249849788297,0.02156772607863479,0.2861808707979073,0
502.6711301411092,155.5889368349541,69.97468722203858,0.04861304852149241,4.76669508675375,0.0756510743983703,23.5199512411396,0.00876937049932598,0.588491950269551,0.042359109984548345,0.1989168137372247,1
579.3555398095209,229.69216211418868,96.94427546158094,0.09207396503426354,1.711230827458186,0.31450930221725815,46.27466309359343,0.06532438114960175,0.5014087004827504,0.042014567538213816,0.9363525578249854,0
318.2234532712567,118.58720599868785,78.49340112257048,0.004005911905069448,3.345337319780528,0.42815667991482864,33.49479474302308,0.1246628867518115,0.7897974526791594,0.02828095808770502,0.018524576745955867,1
342.31890785444284,496.6175759712688,95.56954369582043,0.02914609134937939,3.783943215187738,0.05787419629432487,13.416099371634953,0.01126665555984796,0.7642840017686956,0.03426048901292876,0.43777727188956894,1
439.55574679416037,467.15043556593287,73.22864513813263,0.020754093620570346,4.078536549725629,0.0720520902370731,27.99215962817715,0.004776838263828554,0.6588073154452183,0.034170380639477006,0.02162699246179378,0
118.06407799995372,292.98070862625184,36.824698777549884,0.023814665366569635,4.734173540907058,0.3077466245091256,40.25424218974537,0.09000484790556051,0.9876450233412859,0.04308632593710494,0.483593048104329,0
389.87124902486045,428.9149824693896,19.482843002577084,0.09084345518793753,1.633305785341231,0.41877305842372353,41.7653824692909,0.06653803593853401,0.7131742714436258,0.027000096564927897,0.5010473777944182,1
290.30320629689015,284.431089772419,80.3641477010442,0.04680690542342902,4.306681627302617,0.19703250075588513,29.78388211055035,0.08765972160663318,0.8190036154974649,0.02101786719162036,0.321662471394747,0
394.7476169601232,330.6135596012419,67.97342993283243,0.04662994129398188,0.7452658268374145,0.207326479463475,45.78990283325204,0.05253866197600104,0.7078800580716107,0.020601396725621897,0.13216177752502367,1
207.7859186373261,90.10599445220748,14.336741115396661,0.07605756424552823,3.5547004411326046,0.31835592387354916,20.706737487771903,0.032943549388596186,0.90269334049916,0.031447691171288164,0.3763875377344753,0
901.4745526659054,389.8716892235636,42.40454193108805,0.015449220400492581,3.7356908746185313,0.17339580010586614,26.423947889530663,0.13782867139606755,0.12022911159443639,0.027965928109288503,0.672262939932566,0
634.2332081986438,107.47106763585566,96.11198339358576,0.04872653541000508,3.4208438818864706,0.06197376473495786,45.943876422758805,0.1029142232535601,0.4381044900752097,0.02760483083939745,0.7823958086444591,1
711.1920872300407,421.7304336136378,55.03610311391811,0.04299852141210597,1.3363422070622497,0.3808528331457182,45.85026865886316,0.04003084224987337,0.3480950289518563,0.013645493563588289,0.5307506023881423,1
810.2541147466045,401.91263945167367,48.94562224177342,0.05969106905466562,4.377911420374496,0.3315424608236539,37.428510752987236,0.06391788525199966,0.2303400514608659,0.038744149627607825,0.5898343944397556,1
548.5979790361516,368.9351139843394,51.192964464336455,0.09995577032504387,0.9274064705149355,0.3113401995750466,44.359221884888804,0.11836158153266518,0.5365396807205667,0.018549467519276427,0.2006163711246527,0
178.22825927868132,66.27217123614295,28.799445160464735,0.07694488940820471,0.36281047845207115,0.3837578580463204,13.550930678249307,0.014445869654495569,0.9315144337848437,0.017878145208348857,0.28733033322764945,1
583.395887636693,186.40776017539787,43.18364537783157,0.03978657030174272,3.6155784539983697,0.35385387690291686,44.599799048311056,0.02949060185323591,0.49677466201213405,0.026510332811095737,0.16189561005235842,1
628.1570062187913,168.4006564598793,43.283193038845894,0.08275530522740471,2.4298310046403953,0.14264689468024452,22.82479626200907,0.014649120821478024,0.4451513237579301,0.01911113366471206,0.24929535000461134,1
770.895526765897,212.0613833621836,14.711951816872517,0.017070836331248018,4.260580297797513,0.20861647112450804,17.133260497128653,0.1624634665428238,0.2773651938975793,0.03335433069232062,0.22488678022553177,0
488.49359160671145,89.43923604372733,79.08108656661264,0.0030463686308960128,1.978645991185469,0.10674956375538125,19.574793453681853,0.15048184664240186,0.6044001782499084,0.02485853357337886,0.5194487863912376,0
214.8222725160074,471.6310203639783,47.485398871349105,0.020444837246427306,0.9245650836877929,0.10843565603804647,26.718740320555483,0.15066258637585142,0.8957320687495007,0.027956468903711604,0.5626887557907294,1
355.398315218852,299.21100832056936,83.9961898134781,0.03404115561142597,4.198566743102361,0.35428808586044264,20.047680184178688,0.1432650686952056,0.7503230339981386,0.031486772864161156,0.9449474208215045,0
426.7740667587716,187.48593979611059,86.53132010079058,0.05105807574595599,2.7896571950363516,0.4363700481421242,22.82270344065996,0.13387708473397383,0.6728813513485372,0.018141420899272193,0.19557064710152305,0
681.325517198441,228.64168268342755,29.079464922879225,0.06151291405411999,1.027059382712739,0.48322966273751256,15.399139442865684,0.095398383075635,0.38318851654023567,0.016230064914621194,0.6416757101614959,0
613.7004742020207,251.24114322717605,69.16181339531157,0.09106057172144218,3.6298815930735846,0.33275620289725,21.84707062235994,0.128455632701423,0.46188022942180906,0.045216876114944196,0.8172592689875229,0
420.4870533080616,320.2674500122778,52.50536237466835,0.05098540095504577,2.6044568285985528,0.13284559551243064,32.891352581680046,0.00767231095759493,0.6797822816795978,0.02734894811325684,0.5602414637830525,0
987.8637239136817,282.055742463424,89.21410641293366,0.05012756446257294,3.0611336129775673,0.09754265545201882,27.67414832364256,0.12429288453135692,0.014620172221170735,0.026483744385301565,0.2550036525010757,0
645.1973374211984,463.7263879464878,29.41666112588087,0.005024300982298214,2.3584018572122516,0.415782937191541,23.868750449436448,0.15557554110737545,0.4253660382574812,0.01142448601091366,0.2625502300200002,1
313.504112562395,273.6335673076236,71.00318802790397,0.003491155265622381,4.160674020708231,0.31044041436199965,39.85808515428456,0.10007167207687805,0.7947619000509272,0.029919052103495727,0.03925305307099991,0
191.60422535836335,496.4711066704907,64.69769100274503,0.05511599619163721,4.164857306846944,0.32822825945617395,45.740398855732714,0.07150266568544739,0.9185594054837387,0.03216678886444001,0.3054442265484817,0
237.57322526589883,433.1412309852931,36.57713298146495,0.04381786132483445,3.576005226939493,0.4016579399396192,40.27156891609588,0.05548534696019583,0.8729839096215283,0.03235363483818666,0.7446036790033801,0
321.3619555460573,143.8297314608011,22.294081328605536,0.08391803949802987,0.6164667492426651,0.3664747524796032,23.28002808470717,0.1285604100324165,0.7864899029576702,0.038281246772915375,0.04751775720711038,0
244.6132359336001,468.7678465897623,68.64757844295488,0.01606795847118452,4.210383923329937,0.4255062137852435,39.77768671350215,0.13856023972598175,0.8658744261861191,0.01709927339964047,0.21929528250483066,0
267.9103216461752,102.36487904846425,76.47377123190977,0.00249716621170496,3.3879636046112585,0.07529625745694532,16.079207298962046,0.17419351997250854,0.8421272049461098,0.020088925369224755,0.7062324985317819,1
356.5856518244624,417.85236882103624,38.4064609387015,0.04490387679301259,3.515418413421068,0.38638428653592716,15.212719523651636,0.06846681649219814,0.7490519169072926,0.04242921860921651,0.7826515628228766,0
256.03623576527934,221.28048206446104,68.03493436200824,0.02374785567522575,1.8786159179789712,0.43288374079494296,23.825081481446357,0.1539544614771171,0.8542719535643195,0.04788682467373576,0.4553184100619284,1
907.0888821637826,445.0884442002813,45.56178168503529,0.004961437333883745,4.408469825169333,0.17876076910624145,42.30809476176228,0.11227116483786759,0.11340360872337119,0.015437309894692827,0.6980743384786489,0
172.21037109547797,440.6255105483527,74.18861949543559,0.0724598286847629,3.654320841150802,0.33820127329696376,19.853929889692076,0.17656729813561584,0.9372926222652642,0.029905982180208728,0.387952168654892,0
572.0602506132292,412.6664300529295,27.92937474046478,0.011159299995724748,0.6516932859930529,0.19137292872663747,12.530136355947183,0.10556242165912416,0.5097648282439686,0.018567050109583476,0.15991324502412751,0
469.3571442906954,405.5136963381776,90.11935023725569,0.06083195000077717,2.098112368590197,0.4810869799171043,15.268381408254204,0.10352596567959345,0.6257706852321329,0.012402926734199298,0.3981494935229065,0
984.1407552177458,187.10561259411836,35.866863681902174,0.02810497501668892,4.443263773604694,0.0650406075959767,44.34979874118321,0.11557541628818183,0.019196451477476284,0.023020133525045415,0.5799678202031429,1
200.8350119512471,86.41367737306348,43.10073889805376,0.017349605035502202,0.3312638383171571,0.3109067797248298,35.351331389891506,0.1498630710284869,0.9095336437972998,0.01574750500736851,0.9480532818528903,1
458.07003914116746,231.34108044432264,15.22827568723148,0.03797515229193175,4.8109414362460425,0.1249265961722818,20.12804653479907,0.1929380957656922,0.6383188301450611,0.03839732293736985,0.06875095208867732,0
972.523389947832,128.0860317439289,20.036099108914875,0.08014457762229538,3.427896584765858,0.3704990923297214,32.211833013127254,0.014712670843153131,0.033462398672417626,0.031349016546857775,0.5073940938449606,0
878.9564133045823,362.72799000610775,56.42757124410953,0.039209357690457275,3.193742290452546,0.12915062753839796,31.103184897014017,0.010686920478203433,0.1475500042872564,0.015753378839612434,0.3289197782107244,0
835.3648638543519,205.7448769420035,34.08334090551743,0.07507696492110558,1.425740356791158,0.1559224678542609,36.21743913762645,0.1875100674814677,0.2001815235806732,0.010369663536220574,0.5083116942766945,0
332.1125443404459,489.0245903869617,85.1932203167975,0.012548629679915069,1.3190797648219679,0.27246686497059114,19.32750217686465,0.10597512510364122,0.7751243649213008,0.04232628196096851,0.023975447376531678,1
253.79882865105924,338.4374348053994,11.322404978945846,0.07727714196650792,4.716085275494118,0.46167572749859515,44.576119487775905,0.12298060291338722,0.8565508773364643,0.0170477762465699,0.3130253547015813,0
701.7788979319879,420.11625363546244,44.11846438047426,0.023693332490664867,1.5615350257472016,0.14527146746658687,22.374742483200514,0.09648472031894578,0.3591770858494324,0.03424866568883064,0.819868147527005,1
936.4383902148272,109.63610273383179,40.36109920921834,0.06773931298888729,3.8999759539230974,0.11490800950314659,37.765266159049474,0.0187314905214949,0.07763523626592761,0.023476876523069824,0.5539417338546375,0
601.0866037125368,437.90651702268013,11.739486782584093,0.05657815548409964,2.026296811214688,0.3915395743343138,10.644985854888596,0.1536178756837333,0.4764335503021394,0.033419437532601425,0.4505824928161174,0
614.4514205229099,465.2407357310274,21.19315591004592,0.09291447172116873,0.7823449468450495,0.27527878955026897,24.90628519576589,0.1494449290177174,0.4610125394788519,0.02262614507929296,0.2855250717153396,0
351.98118429425574,269.1778634685212,47.227840742677174,0.038732251797531404,0.15250495870725886,0.46030330057179714,24.06839271835233,0.0623406642985624,0.7539778292340527,0.013477582427690166,0.2980425227913559,0
792.5436398727433,322.81382198793983,54.357812600270194,0.006616518883444045,2.766860951374729,0.11597655072192903,31.73937714332058,0.061247849045680085,0.25153803426419785,0.018918000342310143,0.38310143359058446,1
268.339373701771,394.16441040634794,46.38607725293822,0.0019155485551252906,4.88131621088977,0.3406675518603677,12.90945047108786,0.1675682761811037,0.8416868164688323,0.017522342659163026,0.8355707099645604,0
391.31131276381933,128.67738226718564,57.78439105708844,0.08268585609727531,1.908767349665102,0.15479561576831677,41.60525494904434,0.014471451548265325,0.711611794701646,0.027120774097585752,0.9672132068082684,1
482.8927947547751,276.1547344085491,63.561850741511336,0.05247356376614322,1.85024243656592,0.1205421928932377,18.711232070702742,0.17622102967131317,0.6106671244615305,0.03633135133704629,0.4386553813503745,0
556.8493408160095,229.3983624975409,10.893143901505207,0.07752440518349493,1.7860489274622664,0.3575432368207717,37.08151259528041,0.051332337979182886,0.5271408070304681,0.020552242997854304,0.39335283874776183,1
318.1687591735722,115.8682964730121,51.768564350815346,0.02344256000115147,2.6506648027938065,0.31715807895892995,42.12848492976373,0.11859694955109878,0.7898550501411759,0.010482797412024718,0.8465507758198628,0
203.35314226528317,215.39049003118916,96.71493167988295,0.03450837455132338,2.259257928779039,0.389672356263049,32.47507824966053,0.18719883580035557,0.9070598428527512,0.03075749457059028,0.4269053206363036,1
649.5580381974694,80.67753922347211,56.71290521165938,0.003010387221131894,4.411581670962371,0.18925815940078206,39.63532826887942,0.13562450030732928,0.42029155399333706,0.034230379574358885,0.5520181722956512,1
359.7674979162302,61.61535812726915,70.97880407130579,0.09614923245741122,2.5770518794451025,0.25158724537198546,36.47441248860022,0.08288596249340732,0.745642524485334,0.04851481976007239,0.23094166459874443,1
623.114399280351,110.82483011967025,38.06774721251949,0.06678679067008135,2.5880134071239875,0.23246225434868834,24.221191886080305,0.13790684178108303,0.4509925067771975,0.033578832123729876,0.7435025357790752,0
238.92644374678207,483.4018002151282,79.65922403374863,0.09332050877593062,0.7780208141307273,0.4928402587849314,42.354341561342615,0.06879592726327403,0.8716198299963409,0.028846902375125674,0.5319883182707819,1
533.0260916693358,297.28829115275767,79.56293336885035,0.026549640742907235,4.915423750460891,0.18151203053272458,21.788054795421118,0.05545168326983723,0.5542242509605102,0.03293606503590815,0.8090345502403417,0
579.3304892964272,484.619972518949,56.916644288872504,0.061146361122566086,1.3248671652572657,0.18266775725604512,32.848516710060686,0.19933665558693595,0.5014374182753306,0.04711602519448108,0.7807327300286697,0
146.6411831401842,244.62404524855938,97.84124409512923,0.06784999682926378,0.45948393055205305,0.20954669397287334,39.815909565661585,0.15015804623595755,0.9614631734901603,0.043135125824065854,0.21500476827002857,0
402.9438503745285,190.3172598883668,21.2995193286388,0.03175497002575885,3.3494166199785234,0.30406733658064466,25.158236392500303,0.12894399547636354,0.6989604317094207,0.022919149334552323,0.7156355505577624,0
220.97320924507682,277.7638382781098,11.525289840062289,0.08481092350156301,3.0172952137686764,0.16354523491868536,22.110704304697002,0.07105792864386376,0.8896173221353711,0.01949017454628549,0.8000544079513714,1
157.037473425491,247.78025988480957,79.31423905813864,0.09471614629002478,2.1342137045644543,0.46188047317067327,28.373840406912908,0.009832165831009633,0.9517130699725289,0.020505344494642946,0.3461072407823951,0
990.9642091509508,97.54910791778477,82.64399836283943,0.08848551176960044,2.1687419460153228,0.16955850418981858,42.71853977396614,0.006211375207031123,0.01080738285865035,0.03017684158860852,0.17260911290227454,0
390.11846047725066,338.3718416105928,20.818650620851862,0.07390669759393725,3.946813213127513,0.4531170792020876,47.19687052582659,0.11083625108975977,0.7129061045218494,0.03976197804914311,0.00263215557958818,0
828.8870012691714,147.21718212931984,33.90245496627455,0.027746467972495404,1.0589919364882805,0.0965637786409631,31.803336514395607,0.15240654420781022,0.20797296426262002,0.03012876828731848,0.45090365309314817,0
329.17658928738746,328.8145797040233,11.579712702996602,0.028161604210563174,4.119241262829959,0.34545321607984353,36.45864821294607,0.10747583808877102,0.7782337148602715,0.012711855833124504,0.3524327315388416,0
713.3524500015363,342.590491579169,36.39777497025082,0.0963360320446038,3.278860858085589,0.45814348329720966,46.13094488955657,0.16815701438782293,0.34554890805010263,0.03894322801759924,0.5549098338254089,0
784.2050739007179,118.41118390789165,79.58276865268044,0.001028449593569203,2.1529518915196695,0.1259372472792033,13.941874056517696,0.006685306618644327,0.26149735614746317,0.04223880514683816,0.18804109258878576,0
636.0748665470599,77.60733219980068,56.6164474941321,0.07160499732421445,2.3443402212609565,0.48574713204466474,19.283143114646602,0.07335041528518803,0.43596684527500784,0.021579914604788787,0.8596655476664752,0
524.4185696951425,401.3427137307979,41.328603385145925,0.07062461625552623,1.3575713152118696,0.25379751218698027,38.356000250063296,0.047414078234835615,0.5639693082974716,0.036565029571334014,0.25775521562810966,1
470.6568227325417,256.9101906961941,43.456536541569726,0.06226895409497975,3.785360230215177,0.475571798798461,42.949778476491986,0.08945459363142441,0.6243230684168748,0.027063676042175737,0.22642960508764998,1
413.9814398886958,76.1737079774641,10.121826314392134,0.09901088460868658,2.6130862372958124,0.35456901963352117,44.281161133223115,0.014475278638824496,0.6869077443855778,0.045564774229097715,0.48071405648435594,1
936.5762298230433,497.6898427263952,36.98204748087123,0.031187943576372525,1.6721872594742337,0.1857140914430982,26.604287074197302,0.19082632831421453,0.07746690902435649,0.043809022326429595,0.49885102374427426,0
847.5574670089562,76.001252448365,68.18128674741374,0.03399718637932482,3.0206455672286565,0.1347361362126979,13.573596091674673,0.04465108021387219,0.18549534029179504,0.03101727993238569,0.21508522878509284,0
968.5242195998613,362.76585298634893,97.67749994347214,0.007893940294655555,4.979098815051483,0.18668077080129475,27.511259091984797,0.18446155509671697,0.03836833177788823,0.03766022183254378,0.27186072672591577,0
211.86750113699026,492.6555163685361,86.23547442855096,0.04427981365437375,2.232785170317114,0.09185783416820376,19.229383608282152,0.08517863100733636,0.8986597510508393,0.04533398804088416,0.16970523915524494,0
757.7807276832798,157.63104689716653,12.123546818097621,0.02610485262348481,4.611387863815236,0.1147405848544984,21.647858199864967,0.19710482665104362,0.2929658500085306,0.029828680403131018,0.7184601783231668,0
944.506411138934,114.01221590923828,90.87045442073554,0.034338670217764426,1.790582515630374,0.09709719815591653,40.89070227350023,0.11081167669204216,0.06777741052875541,0.02253002961955288,0.7700890312540819,0
263.1097595490941,104.62322274009301,80.48785719687633,0.08345717902556277,0.3681902639324308,0.240324594683701,13.021083441035476,0.1861665728351615,0.8470472715029663,0.04014664551638325,0.4623284974592826,0
159.84664063009973,186.473816405418,80.23385112138824,0.09354845135274958,1.1007863212053017,0.4080102693159139,43.10324869922808,0.001069797738844569,0.9490598079932029,0.018802650191387674,0.7140870226850174,0
767.0085843610532,95.47061495479102,51.21961831032144,0.018573307200518564,2.151606202305653,0.11362259939735309,27.106763432966762,0.14964776123618004,0.28199254002850416,0.025541245920241682,0.7359353919374455,1
617.0258018619207,361.47260376235937,45.82047636590525,0.03725089315534659,1.1762111501133883,0.10864419492755115,33.8425572440238,0.1806101306205031,0.45803685595871324,0.04462908948427175,0.1382755276778086,0
857.6458990824449,78.03130915852822,37.26241559498733,0.09286305621153941,0.10111248726945214,0.33954302728279884,13.586089249427161,0.027944113395790816,0.17332299737013468,0.038976893610772605,0.9661780248345367,0
225.79513896366055,279.2399576674054,15.91253730589292,0.006180846068922264,4.583507534962884,0.13873234188562983,23.494363134291184,0.0192251703464303,0.8848050806803146,0.02615244020989997,0.821031947096431,0
815.7405806739011,498.51358423383954,30.54118271443292,0.009236052811137851,4.235009115031552,0.09392451714904623,13.58803676059383,0.08491452143719112,0.223760910666981,0.018589780096334295,0.2044834611958235,0
281.46458804297004,416.2866212777085,32.19432714802221,0.016279098920622938,3.7372319342860414,0.12508186019250994,48.461748915244385,0.18673578122658704,0.8281639828115925,0.02423873563328946,0.18616503574607024,0
247.29034857913405,326.8487472039549,53.566936273918145,0.059521283412687476,0.9222915186655404,0.46567912814454926,42.29046597305002,0.10847731203808775,0.8631625647685819,0.02136416596909732,0.12566114557958274,0
247.83921813789365,187.81412935397526,77.26999659370246,0.015047227100599747,0.6897815234289317,0.4196620637492859,28.385310174258407,0.10549129274434643,0.8626060118130768,0.01704357151775416,0.13837856254191838,0
833.117248208244,330.7531263312373,52.64288455581519,0.09680763814507336,0.43126327241467743,0.20932905305979232,18.944101932946843,0.028225223659864376,0.20288579901645254,0.03973331654262627,0.7481617990286962,1
698.6774986265801,287.16865876024326,15.206000450244455,0.04467145272585204,3.647743024987314,0.34511934529732674,47.33820420999409,0.0001579022186437573,0.36282403997830803,0.020082795474006862,0.46965425695162355,1
570.7588822922073,241.73752275066715,96.20108208893835,0.05015179603501664,4.651159007370638,0.29177405315061716,23.78386382907887,0.16202801814909226,0.5112539166076666,0.028166698806710556,0.7829341727398672,0
422.94743571115225,108.81966953308977,94.8451887184701,0.02466586158054065,2.2096255224738814,0.3547059185671538,16.43937726749499,0.017514912597247644,0.677083378189412,0.025434377873444363,0.7462548943502054,0
889.4804867317974,448.97189685821,80.66705888335676,0.04709602524347335,0.683789292780636,0.3572020186082417,32.5265755381582,0.1267699637470648,0.1347923603129193,0.04928309514542523,0.6046127135052216,0
453.20059668037186,252.40309196959512,99.21951114077986,0.06619136326370116,2.6107248215873224,0.3329303067769968,47.75096481379264,0.1829232909030383,0.643718994861726,0.025643689765928825,0.6863666065786795,1
834.9394955244194,137.58013031934428,59.00340995202367,0.07511771369540428,1.8092763465472879,0.16974561584178888,10.153211620012904,0.04173038263168621,0.2006933885347405,0.013199299311870192,0.01835572437914179,0
495.22141771319656,215.49170789478032,96.64915152278854,0.07538680827099131,1.936642129314989,0.06755288934326817,19.52499373015995,0.13305456724738216,0.5968589452067115,0.01359303010288336,0.31177764680502196,0
439.24998648241683,236.35838863801717,16.80445365550757,0.05778911126940883,3.144520058362966,0.25500505189554895,47.5379056164163,0.015739715341501894,0.6591446736932962,0.03363014885412259,0.6378221792594102,0
516.4118071026458,422.39205300509343,42.91126734352342,0.09043597749938573,3.621718754984792,0.45093824811081673,16.84343867428648,0.1207510287675226,0.573014468655421,0.03397454206953063,0.0093449534862442,0
371.24008674772784,380.1264712526309,30.284314120608926,0.08174078473061094,0.6419576344784882,0.3062737663333592,14.529738065592795,0.03278634419064055,0.7333133752652786,0.026750359619306198,0.03297694368259341,1
772.848442158626,396.1872021386029,27.6249775720843,0.07570481146986255,0.2743921309517343,0.42457596876585857,32.80748863199218,0.1471907121030356,0.2750391248254046,0.027273747692481184,0.8518879824703832,0
552.4483510832313,54.96406899289124,22.672265400340848,0.005560552168046063,4.9722184831600025,0.49623095433255265,44.47375293179319,0.06024625895878164,0.5321562272125401,0.012157303313634849,0.6840248616920718,0
308.9914256321356,237.2692991808927,66.0172277409397,0.0006877962219649314,1.240368909686204,0.12362729186222432,29.084392707757047,0.09267820176092925,0.7994986158936612,0.030661860415570494,0.26536973312034395,0
909.6171159471116,266.60486823589565,80.31896701725745,0.021244727719547298,0.36376957205144955,0.36129993761389206,49.78257026738099,0.11988610840552434,0.11032819269592697,0.030189579015214067,0.687962840118709,0
445.5020992358903,58.63652457037551,62.04685594783246,0.06635235939134523,1.030389112570008,0.3534321081650111,37.166867981519715,0.034254682133247914,0.6522398966329417,0.01598197274227778,0.7924566691392633,1
589.1975750025897,166.9159439352654,23.22664386293887,0.041119748888254586,0.29089344710747467,0.4909799513112253,12.962996288417909,0.14832756372352418,0.49011285887150036,0.014153575444437103,0.30679428311010126,1
915.8248998680923,392.1304204049608,83.00113929401238,0.040240625929931176,2.0198733836241414,0.49352033027876013,49.71328526727901,0.060528068127362916,0.10277223065306562,0.01494289962397962,0.03603737749918745,0
661.8141963225929,111.69936757804957,67.23592364473556,0.08845868882296137,4.031768743811489,0.35900537527585824,26.315769471207616,0.13247437198255071,0.4060049264796809,0.01404112985965034,0.9327791246877345,0
205.20823663752765,290.88955915366626,44.934913551429595,0.08955628481318388,1.7720978038128312,0.15962665639198742,21.496101353819302,0.03165661013987473,0.9052342960548877,0.034388327821470395,0.3451798382956305,0
945.8489112521277,146.8408424077569,70.67172659824567,0.09091752640535858,2.276498693703996,0.40935012715876956,32.31516734311542,0.13762353184127005,0.06613604708221366,0.017859306096116745,0.10648176328470638,0
664.9372477642761,55.45434858975197,33.39144813185496,0.03138780765150273,3.4103751904804502,0.09816311039496714,22.172303672834573,0.025637614562092348,0.40235880440505123,0.020057206087498537,0.4918568713931474,0
401.4150531913775,158.54065591979366,41.06729876447895,0.06910558127392617,2.5935809433424133,0.40131468687723293,13.458300284806093,0.08507129925399673,0.7006261449163502,0.01694288576605759,0.7684677956641338,0
225.34486539704852,489.1431897095242,92.57372588187911,0.027163318127436966,4.321083861504489,0.45958825586511337,10.05713372316707,0.04944121474777537,0.8852551336639826,0.04831341217794013,0.22164731461755915,0
814.6226703432663,410.6917003473453,36.145405510427835,0.01906098330744498,4.343574807724207,0.22227502764579588,27.983334116810493,0.1496750498856365,0.2251019294380988,0.044184698526073415,0.26949005013336336,0
658.0654803356622,481.80948994446504,52.298944134214295,0.018463245734736924,0.14856240790665287,0.3337858827423862,43.47453688906369,0.052407000901374914,0.4103784722236832,0.019219793494060836,0.24271498679858317,0
580.1149827786894,269.53431976686306,90.11270236564131,0.034210762086359404,3.9124269017676765,0.24356422944357187,32.89260742520306,0.17634346127907927,0.5005379985350945,0.023102651756885043,0.9916730528316782,1
904.5033247458618,99.38128940487658,73.69492152407747,0.042995761977982175,2.3575946411842024,0.2469942747446578,49.968291957737634,0.17836404228132258,0.11654761992534812,0.01839571369219989,0.19740373373054254,0
809.7374901020777,296.58177003816184,15.598290354823249,0.08309491710550684,4.945318652387949,0.18966690009865406,21.473865825887998,0.039288263044557174,0.23095926874587358,0.029675038378432952,0.575520216966124,1
236.50739175947606,254.4698005519824,23.257273985107332,0.01198910934727121,2.4678371717896326,0.39295832920264606,21.218202590402214,0.12276918900154486,0.8740574530215252,0.010784421298970144,0.9252646416569643,0
380.54986101599343,429.9606872328272,10.705743169472514,0.07349258473948943,4.935790132402658,0.4712794538749273,16.389978409357767,0.017543528343992865,0.7232678569006128,0.03685472035587183,0.14689656887777924,0
323.64022583301914,94.13716135291006,66.7829611206247,0.05314549141893054,3.7973898699081094,0.4733378866555075,16.562543530613407,0.07830741992032585,0.7840859267614256,0.030926325992705665,0.9708541978677002,1
769.5516633154093,269.7085116598002,50.29060828693765,0.02879453426759925,1.3181639346052012,0.12865157819372022,21.407463840401913,0.14266434590025445,0.27896538895913336,0.04594555713204413,0.9474772343956246,0
130.17919126220144,117.52189911229291,22.084736581204798,0.04928195845328246,2.7381353985060928,0.4436346423454547,41.713601810941086,0.13188464936998326,0.9766635701716777,0.016575707373136565,0.8845719870582626,1
612.9007163841849,196.10416710052698,96.21407089510934,0.029994206977702265,4.961464633445056,0.38184414864220495,46.23027162545792,0.1249401338813216,0.4628041618483564,0.042164369842445266,0.21455652133000225,0
786.2128171666214,381.81068482450985,57.66937515510579,0.0596081955238306,4.3018999779844265,0.16377683031063017,49.00348678830725,0.05650817273248872,0.2591006269730346,0.04167844057866863,0.6340550560109833,0
889.0890730855745,264.20815821594493,31.770396470160026,0.043384392285524424,0.5770977795769834,0.08027807581468155,19.291586163858106,0.07560498988688041,0.13526719399972398,0.015087247568675476,0.7608914729612402,0
407.8735738443167,219.1497283155962,55.05432140392368,0.016440552907887873,3.561222784368981,0.1705987700979701,45.25190182456367,0.020589228940057238,0.6935830770997893,0.025942368965765107,0.9860279281964297,0
839.1315742048116,227.51432535651588,71.1658299461597,0.011658307455569672,1.7933399707669841,0.46049370655168653,23.13020357109348,0.1438045640867202,0.19564740083941945,0.016806105645780677,0.18042382208137042,0
199.5685632596865,256.75104578269395,16.861529617620803,0.05466956820721302,0.13421308321370579,0.3349304037030975,14.513621780675376,0.10077775935825471,0.9107759434985395,0.020188820018301957,0.7660258995192964,0
861.8070625610663,403.2574447266756,34.72334335431028,0.09024130332861036,2.077056748232298,0.3744745974040423,44.800997020806626,0.14175312646913094,0.16829689019076577,0.020529846993221773,0.33880116992711296,0
214.73979609878415,451.4381100231055,82.62689417955943,0.03439576865576856,1.2502966664523596,0.16571855799909313,35.444225385744744,0.049788704959374555,0.8958138752985024,0.03224945576103091,0.17562646556800232,0
457.55856150433056,479.90060892676775,51.36983833623951,0.07330001072226232,4.112459425550311,0.3737246700086691,16.58923584324247,0.06488764572701325,0.6388864342746667,0.026456437270418617,0.42137694121385494,0
817.5658292015983,404.1065238148828,59.191942782906544,0.0658661354939767,1.752919983344251,0.06265467782506569,27.193250300520102,0.06684306745202294,0.22157087314409674,0.04790931216025222,0.7938359121486164,0
234.9256846138964,191.93310308660574,48.953440198852235,0.0931554914309481,4.154866100373703,0.21889460559785623,21.490307795082707,0.00514848194944324,0.8756492221109816,0.015054805677880204,0.46484980370405216,0
306.32625570937734,359.660617738944,13.95099483787046,0.0820981017299141,0.10292990029049702,0.332039006844049,39.471782748407875,0.06820957456612471,0.8022912851740194,0.048947685394007956,0.5375231002030485,0
750.0273115537597,246.92140582492635,24.917480183814035,0.0566605258905463,1.608313835127984,0.1157434544935941,28.13664922497072,0.16066091470360672,0.3021723087913081,0.01922554560857056,0.9951594102001212,1
748.0328828914669,164.60177992072303,50.09874748677018,0.06570304982341073,1.2817095501080338,0.42035160850112063,49.5711978042554,0.17945969914994772,0.30453849381556297,0.040914957455274126,0.399109299557426,1
677.0328695967676,428.39221074166517,28.826691886713505,0.08983864665840349,1.244480069236194,0.15576408446536338,12.189799290383805,0.1036436631271855,0.3882158641493969,0.023558797046912855,0.6154007547092398,0
724.55360002039,67.29185703304626,14.498112579371085,0.03995187845869348,0.4341144368507672,0.3435265007683008,24.200610645449867,0.09110033904384406,0.33233139430137093,0.015723255816692556,0.36524420161537186,1
588.4519990128365,455.7928964609406,85.92846976466413,0.03267947058577774,1.0169089250114585,0.23233871415889834,29.276006684399096,0.006164923739874051,0.4909694685165015,0.0443155674098496,0.39278564632870494,0
326.6191530162575,257.6648590811304,98.30732762477042,0.001081108363519634,2.8221928924395376,0.31821961796494125,30.12534218993279,0.17584086751707653,0.7809388692634942,0.022354435969458526,0.6956407534454081,1
411.1263941535275,336.74066456372617,81.38285865970656,0.08265510741914643,1.5276692569049481,0.09835274868300867,22.63743289542547,0.002602042685174544,0.69002980469967,0.03635421616907369,0.9378869760948835,1
263.43794512128306,346.70926499260224,86.84064295342003,0.08009807004033649,2.145234433412825,0.0576107599647233,39.16960996390272,0.18895001604204237,0.8467113476785211,0.03265774740346506,0.5423589504923214,1
917.6055052002655,452.80298331794137,31.777941728534085,0.01044545181001514,1.946647713701224,0.45930399232113556,44.98988293955899,0.09784324973761814,0.10060371035541871,0.028870252375634974,0.7683999289487798,0
625.0526152895084,336.5013569752433,96.45642779618798,0.057685738113270026,4.391934132499483,0.17133350394523228,47.54877207911452,0.06838689871494533,0.44874809283853356,0.029832778905941562,0.08920655881696382,0
460.7662750872759,326.2701131420278,27.723313400808554,0.04639816981668874,4.535965095151526,0.4188546512512066,42.20373507198105,0.18484368696853204,0.6353252576786237,0.0392895165636915,0.21115803743192696,0
515.8052232797195,79.99341825231048,95.6286829325649,0.011870909550911147,2.5154891611137145,0.49970763521249006,44.023207892263976,0.004878198622019348,0.5736989363856407,0.013510916564937622,0.5021316409195324,1
952.5550056506338,283.2836098753418,99.5337364569356,0.09805682270607236,1.7177641565464619,0.14514406609951003,32.02181202479982,0.11628497897381743,0.05793262743984995,0.03672722647831621,0.02001172362877479,0
238.01626280447218,117.57605036766874,74.05505251714439,0.021469588746335547,0.6233234496115818,0.16932683353251002,43.03552905707258,0.10978650489986752,0.872537448017569,0.04583248405594315,0.2528549787625588,1
627.6068488151175,381.84519592466853,98.30293586126398,0.006723418009056115,4.771674108972266,0.34828690443559956,22.140156365918088,0.04386408024227642,0.44578891449732905,0.012311527880794567,0.5174012898249661,0
555.2998109960195,280.4998643657035,61.25858016103933,0.05948473795019096,0.39511203001145756,0.4844518855702796,25.939150484368575,0.08577748627004211,0.5289072896263849,0.01562613356934667,0.014961198256300712,1
650.308811891183,356.102500643759,33.35876048584813,0.07388666771330327,1.5584863600845744,0.4621164566858348,22.67652055274177,0.13045280118875405,0.41941742868295917,0.03866527746808126,0.2645462862260417,0
116.29916543875646,68.75280527107292,49.32962970990588,0.0032443446047186967,1.5605243857330204,0.2762939840295132,28.695493417917017,0.14542623937638552,0.9892290794593829,0.0274912659297847,0.5140308194758695,0
884.9115180497363,88.15640722061144,63.42048418409074,0.06587176387270222,1.6699663020870532,0.4077996271370261,21.423184649545455,0.00014337174131595631,0.14033341663780008,0.026141944832547538,0.5731492479812457,0
938.9064542352512,372.345524628207,16.577340582431347,0.053229187595145444,0.9050055320348055,0.11108563389495549,48.46445769017787,0.18737068601820306,0.07462080329708654,0.015478665381769435,0.9257516930553055,0
608.619865230288,82.43795119940302,66.01089381555215,0.010326500887504843,3.9374910115261166,0.4898471828918055,22.513785120226725,0.03290507447856248,0.4677469123021718,0.030270801628711527,0.6453456232506078,0
726.9857414892031,82.06552749436636,98.3060053086065,0.017252387694636207,0.7002395236333472,0.48395895531619393,13.921781524437593,0.046716086844471844,0.3294578556962402,0.01506181244785509,0.41473580252999376,1
930.2494430595661,55.448813855699356,27.109688480535485,0.056797429731608055,3.211042629850498,0.12367803104562694,31.072686642016535,0.05269468913876965,0.08518980415259991,0.029064818252421618,0.9303511771330678,0
736.5147708820588,480.42562923476606,81.33356046595449,0.029635761351328838,0.7068455308585055,0.18474040616139797,12.283963137807055,0.007564027310407062,0.3181872830068556,0.040544611958466266,0.7848829833877943,0
237.2851386228352,381.8787617565531,91.71089144016574,0.09383157286513161,0.4456246242054872,0.09506974887804512,14.42172665234322,0.024610424718064985,0.8732741537605477,0.02033057431548654,0.2000089211127476,1
618.6595241501318,208.96313382592888,94.93314335381987,0.08187402294840508,4.556204568060795,0.1722729195041809,18.775575567849852,0.1972699845888324,0.4561475962496466,0.029231446727189095,0.13084236134881977,0
646.0435417445703,183.44101157944485,96.41220439649025,0.0983567206513663,1.031630954961658,0.41718010523684296,28.574009995285667,0.06304334747545721,0.4243816804834437,0.04968063877587343,0.675811635742733,1
481.7176041721474,207.3664533856323,56.93136748493247,0.0259670838950414,4.124125757342551,0.22024202322436676,27.330037292361116,0.02306021806780987,0.611980810193639,0.03746601693416149,0.5598831655769838,1
762.7998120622506,398.59408903153184,97.95771171923533,0.0969723632797977,2.768691268424966,0.08977863521604126,41.98767448011165,0.021398252234924666,0.28699956048136,0.043654270852207945,0.7896736137927557,0
940.9303132921134,347.6167749816865,78.1579186420995,0.04312338697915579,0.4814969460829711,0.20400148615050706,39.57898615536453,0.14389199353399437,0.07214815739065994,0.02659390426242183,0.7388050500786865,0
933.0116616160986,133.33800554036057,24.55042926132657,0.034751879531375464,4.781696138046531,0.491622500408576,27.052731759628053,0.1709137328065282,0.08181887858866821,0.040714436925034216,0.625211533857515,0
505.7554342637189,128.34920090033796,52.9210095821173,0.005034952696935324,1.3101097182602734,0.3333576178666413,23.348168303025197,0.051390459901693976,0.5850228288323236,0.011620366917652874,0.9863821716288922,1
201.91424125667973,94.27804237102879,74.64980578348036,0.005276525785960263,4.312262192227772,0.23727242588277098,22.658751362459945,0.004181902467046994,0.9084740117951022,0.0149164473016898,0.5335897301104087,0
986.3570790661012,347.1362238656022,32.2606284237175,0.06920112559466547,0.9271690283443645,0.1249423310737715,40.95980349176036,0.044618003689071165,0.01647240620155821,0.018122823716802485,0.11310575650171983,0
855.0082778013407,393.9676979997812,67.65536651939986,0.04579289944340279,4.284320122495079,0.49377955877766266,12.08289624885079,0.011303138159351467,0.17650725028460534,0.026078076984608782,0.8282735648159884,1
212.19641308294015,169.27089274625183,69.99404311419573,0.02265216260361057,0.16482118323594053,0.41938205416840796,10.512865980424234,0.020678987326008303,0.898334170307796,0.04382979513303053,0.251853362345709,0
928.7576943556351,59.42523246391077,24.64297694277093,0.06139703063252327,2.6077242371904554,0.17666478610291375,41.82177567706592,0.08630162396952848,0.08700975695229896,0.023850642031517218,0.7773021481439183,1
882.9067258559154,86.9772503643923,60.85767812074806,0.02528581182501112,3.8702686391656287,0.08153091307453525,29.08585503956197,0.045983674172326516,0.14276358727002325,0.03618484774061852,0.9571070960000514,1
566.9542514134649,485.5370156802637,79.44642198807469,0.05776317543444226,4.680498035714638,0.07548150081990113,15.235245542143039,0.10318917570508468,0.5156047047086764,0.038372571792139334,0.6967955139643413,0
632.1478921704363,182.95014986483912,54.900609808234776,0.03592087469826904,4.5550904674117865,0.10417016727749023,19.42263738378005,0.05069875065143808,0.44052394714148924,0.033447294163533654,0.5960301609498011,1
459.10243348311724,396.15041652716013,11.089280509849669,0.0823552226611819,4.11616186078346,0.3113458626264897,47.3001581238953,0.18810746022058955,0.6371728762140365,0.02428967872680545,0.4603861756750406,1
149.2854749398282,331.0986059844187,10.813462217136296,0.08206961607667794,4.45213761334039,0.4679435395424716,44.38011902499592,0.18118879358525292,0.9589938117454344,0.03308213366854177,0.36440986599540326,0
401.6775174813108,221.87283784380315,42.1326409573011,0.047735039812240136,1.076176460601675,0.273534542602693,38.391402008958906,0.11336122100209321,0.7003402392201346,0.02369062371158985,0.35300475097183626,0
822.5681037382103,142.55926798799982,93.35746615886038,0.03508191093350156,1.492503048987471,0.42932546710528874,29.289009213493063,0.07088479839747723,0.21556560985913553,0.013354949542080483,0.6363727057095906,0
104.16882070414258,104.62388817173289,30.580910164324788,0.03625597965590945,1.5159457721131868,0.2506489789369135,30.81294504765543,0.07622937640694712,1.0,0.04971215912744058,0.7512731169377459,0
400.14925452202976,326.75583561749,67.09273199845185,0.0805714525668218,1.9475642619083244,0.36886259559552137,49.00978141135835,0.0823704566288994,0.7020046200085384,0.015087298145300437,0.6785170694844144,1
458.351824231849,398.58520128700457,29.986828362398853,0.0328179482797612,2.0272712848874246,0.37934273177892536,48.63081775537148,0.1455158644269888,0.6380060856454433,0.012893935353442295,0.19841010119356273,0
583.6560426441306,339.7569140935088,38.950299069359374,0.020905937370684604,2.7683210908079103,0.1282836676565024,18.610761831433372,0.09032779910376759,0.4964761300649517,0.04514122996828624,0.4939871801434912,0
927.8700547714844,288.6359599621212,86.32378806413355,0.008468834187530683,0.8834108404955628,0.21254722653911529,42.444182652212724,0.1713459893011795,0.08809251175804556,0.022073386435715804,0.791640072183063,0
411.7113949293651,68.87805054423632,75.59752980429522,0.04666931208844084,3.487108652551348,0.3367859704421108,17.889706646680672,0.18881895718607292,0.6893903432551225,0.03601187896294031,0.47570407818905625,0
412.2578817066049,485.8199499174727,18.585934958188957,0.04821320989198419,0.9210760425920819,0.0818134736829648,18.541499115358057,0.06718923067578678,0.6887928643307555,0.023160229186489315,0.5366232797354938,1
763.7511232987736,409.42138624455856,48.58318188877902,0.08409087104029073,1.6205115623122832,0.21269308449333046,37.04372136658307,0.11213889627513603,0.2858681363468206,0.025658170831778848,0.7711360481708222,1
506.99614680082647,181.76991651543412,12.625278728073802,0.0221238696446064,2.566391139970155,0.29065975982653663,26.200043943501935,0.019011307366512888,0.5836264900330734,0.020484518880671862,0.6612653062650915,0
302.1443406459838,490.9866482114828,53.28011319427081,0.03809912736683999,4.002558751465039,0.4983010218700874,47.261776284260804,0.0400938095532718,0.8066659691547271,0.023721760231720408,0.4093449208823926,0
507.19556451942407,320.84671533634497,69.61906105309612,0.0808405738893691,3.723399242869764,0.26354010318009835,13.560389395840353,0.08269315334203203,0.5834020146231675,0.026428016023461724,0.895412711194219,0
226.7713183418199,312.0901961932609,20.66523612383364,0.08236236107489736,3.2631183464115594,0.41722554070144563,30.461025632379723,0.041240543180355776,0.8838288997294393,0.03881664276369372,0.1625670686634786,0
258.748287855601,386.6329307432894,35.99964450182491,0.038461107597876826,0.8632889768428338,0.24443027827997799,46.74086121772485,0.1753120981577435,0.8515054979389272,0.03046144776939167,0.9955164485903247,0
548.5309954655318,415.2964046405619,45.805296295194125,0.04591240232866809,2.780522193516331,0.408375825178869,46.164546419180205,0.031657251211819615,0.5366159009664564,0.04774260868627908,0.1188525784762372,0
477.03290455409314,345.41537329917617,92.75779221904448,0.030328589084928293,0.5284878588194387,0.3179366607290488,16.261168536629647,0.0911321643106184,0.6172131495591031,0.011675215753551021,0.014949971104238902,1
923.3613109612901,107.64308586479001,99.39295138806676,0.09325548784193122,1.949079566303589,0.44896794867607925,24.665508003858257,0.12113984809197514,0.093590294284703,0.030122732905281127,0.8900189011487647,0
426.1545092049698,202.22037769752427,14.042016909605426,0.011864376574158031,2.1262309984208003,0.23492414855754945,34.76485600186785,0.1383727816321689,0.6735620517947625,0.03336899155326872,0.24495350836595609,1
622.5295152502391,467.6376381467224,78.49071311458529,0.093374942300147,0.2950760532841938,0.3219369889196655,16.375795390856087,0.07661387394530135,0.4516696060905221,0.04680787944297096,0.7296996274467209,0
669.0378591275773,151.07702532973337,43.45516597621089,0.06838664518353432,1.442541687402862,0.33350840627847234,48.72088688182955,0.1738198137449457,0.3975679269872474,0.011966340944857105,0.8110153749320693,0
111.78501092950027,217.475160726881,45.3212367606532,0.05315721526867312,4.782682389605798,0.237822323810213,46.58997314910641,0.11366383021558511,0.9932615241236942,0.03293998339740864,0.8589863910321168,1
697.1836348150396,244.4345973248882,77.88384760123205,0.003265906078449588,4.772799778365479,0.11494041965936669,16.678007161378765,0.08790155608951036,0.36457991902299147,0.04414519714111829,0.9915942356641667,0
260.2323701827763,247.73224536250348,92.65837889308678,0.047559619182200835,1.8264025658374428,0.092101733110551,14.846218450439416,0.013448126810407324,0.8499897681629878,0.019677109124769464,0.29403971003999907,1
964.9632857225097,325.8228121225365,95.58357350522935,0.040774810500273234,0.3111905338467879,0.057502197769834895,13.416339312330612,0.092937893689033,0.04273449980319355,0.0450516939409575,0.7102433419272591,0
233.79645497780166,474.3841269851184,61.94103274344887,0.016121881197512258,0.9775652027080897,0.44309041891034656,46.377746561465244,0.16414716816314606,0.8767846213459297,0.010761736370971673,0.11539985828082822,0
473.16171135432137,158.31172032462723,42.14090433704526,0.0656409603500657,2.0218671878243466,0.15641371050741254,17.74495239181843,0.1229082036442631,0.6215314808812906,0.03929818516534919,0.4068092913568494,1
176.81470127077947,104.67561933541313,80.87941772729013,0.09711509073682859,4.744120520049226,0.14517803717679562,26.65139714177419,0.16643249074582367,0.9328745715833433,0.04732452884674612,0.8479716933125904,0
997.1868266613526,138.86172043697178,32.59012449360702,0.05621888110645251,0.7918754113322062,0.3812159301917295,27.954054626080122,0.09880233411986113,0.003150630512611219,0.03628790646560249,0.36765804605910835,1
551.9755092981184,449.1162050941713,60.7666625950166,0.07147532764439458,3.84122763397424,0.1940072508893263,33.9604417685427,0.02369234101889637,0.5326947592996808,0.02756116975921792,0.5910953805356141,1
635.8465155880394,340.6148656948427,42.272061537238585,0.006845045256601678,0.6325444429359912,0.27772011158532645,12.869413749897,0.002727969167176214,0.4362319413391321,0.011795240658908721,0.5037734437246341,0
160.36882964958474,178.65805515762207,69.09679663370885,0.04176669958169948,4.908162129217256,0.12312997938385534,19.070344696020637,0.060643909343718244,0.948565748380343,0.04680455253290515,0.6459515311120451,0
774.96442335926,417.17612253587777,31.635902160415622,0.011635848516449589,1.9699208456347617,0.4818855746578862,47.25961547675704,0.1395980942995585,0.27251796479602,0.028811848907662994,0.9728943893876949,0
288.91503378602715,437.6164983635462,27.24336511613432,0.06127958355365104,3.898649240605375,0.4332116300077568,46.33640429074278,0.15805198078833876,0.8204451281311653,0.01115986977343792,0.05573552650140212,0
908.2488604966424,430.9314524106251,92.64151780078933,0.09384821582141546,1.7786963057745462,0.43870533033425146,41.25162589622769,0.05915056692406589,0.11199271388552101,0.037592842853150475,0.5739615175016297,1
284.62567643380646,463.5169401377995,19.162331465458323,0.06617777324716385,3.175577498078163,0.23304818685740236,10.776049824728616,0.09913078417664943,0.8248927177195933,0.029273490143050328,0.8630287792502848,0
271.6189485972999,163.50845907801272,55.53621169614385,0.007680304831442154,1.04087881522618,0.3930625461682278,23.080270739844085,0.08422378088681633,0.8383170719241859,0.01497381269769643,0.4813827117484275,0
132.8947010632854,389.76886793582526,29.876750466670803,0.03546662049850829,0.8155029945551164,0.11474426992540107,35.11834941371632,0.08210455687028557,0.9741774643725074,0.018570872372410382,0.07852718594157282,1
524.8602505989993,257.242773773363,13.50369669931007,0.05506633794408516,4.696514283883843,0.05387855116630113,21.007608470939026,0.0462697426400301,0.5634697890568754,0.01257962721823385,0.5605393524167709,0
608.3570199363548,428.8993488005277,13.241693646228375,0.04032077561332523,4.596471661731724,0.058987819660112656,46.383467802151095,0.027274221005891677,0.46805024592376854,0.03297174158834294,0.33207389082382044,1
159.13777548551712,377.82080472272594,25.76995948952446,0.08336440104751724,4.448597807043123,0.3139707818320522,35.355578473297676,0.039337711646242626,0.9497300625872918,0.03488117917008037,0.1549417853379359,0
797.9748550255096,399.4013509248761,88.00933190554002,0.08146710047099892,3.1646239058163084,0.2549277073615734,12.876268692657824,0.01106647743266922,0.2450438049042365,0.030229691934217776,0.849034513283473,1
507.9599512732249,345.27282695648216,35.4230869579324,0.06118310201032215,4.060514234959763,0.2831069070088339,46.36022355342812,0.03962614836471541,0.5825414663440462,0.0426840853201046,0.5215995129911216,0
571.951242394822,129.8429462613681,95.54132535177662,0.037345794513270525,0.43828099086573713,0.053358413187748734,48.3106663270489,0.0018401795250758914,0.5098895784071108,0.04444035285232055,0.9332764123790667,0
496.6864722444053,295.26211350362223,62.34600636902742,0.025533637376324414,1.740466305264328,0.24020897884584158,13.10849673566902,0.12545168012719565,0.5952148689230099,0.03462497586732507,0.8060165046030691,0
460.6867547877934,493.1013827860287,49.29527707918895,0.010587431821312932,1.6371453113100658,0.37313067254038734,31.294409394452597,0.06327508147753658,0.635413582579978,0.010510259188297223,0.6929717937736674,0
603.6762981773961,471.8246299237035,62.207995120250914,0.03548976834865541,3.214662077567805,0.24921216588534612,22.134571288566818,0.19462894228538175,0.4734490109447439,0.037809186229909426,0.005025503365311934,1
239.71622133764126,69.42818110865525,56.5028546703641,0.041317251720771955,1.8441930900061387,0.3794986428405,25.713563059256096,0.038743410155259575,0.8708231615508482,0.026719968676814067,0.42782345663824994,0
263.73531744574404,124.1666670782467,78.28986283815927,0.06758229251040736,0.827683230054036,0.15485853397857566,17.186048718213677,0.06916571406191878,0.8464069086619186,0.03262229932905548,0.1974862816520323,1
875.6070589121656,109.27794805455287,35.424645937556704,0.06581598242975735,3.0226886695263646,0.41591390201677647,33.122884080496505,0.07156823172830665,0.15160610190546941,0.03596322408075538,0.9107979110488678,0
951.5039159202695,376.690959493383,41.77453524402721,0.007010813964125695,4.090481211278499,0.31479405820405354,48.31917412995563,0.001690299212492108,0.059218889848993816,0.02400946457308307,0.17458398467636027,0
435.9783846517777,418.0033984356253,90.46848722799257,0.03952593154311578,1.9724051228538688,0.1448433947434578,30.12290401086436,0.1678415906078918,0.6627522907313884,0.04668394020687177,0.2860600516592855,0
343.6702058291984,146.08011483980238,95.1810861835365,0.018177886721736192,0.7481167039825604,0.15652421413422482,13.316583255779246,0.006398892028864945,0.7628451804005081,0.015358994669991247,0.5168367677344992,0
679.5995889151142,277.63371182832304,90.33024047378271,0.015681270531680568,1.063772166832833,0.3326137090562917,34.80005333909634,0.1880359669458483,0.3852103505666292,0.0368604722912415,0.26336361899807925,0
467.8607539882868,428.31636260504,47.75031945615822,0.0827302149737246,1.2636681953299818,0.4234728169455995,23.608919778050282,0.17841487021872415,0.6274367108406778,0.010174383198263217,0.20986467727912117,0
122.84772009431038,379.76069514481276,80.23289527061935,0.004191521671625753,1.5694982056732276,0.23703250191311986,44.237007583651916,0.10710438321719272,0.9833310901319408,0.04698604421620724,0.5990993251027524,1
240.5373376295713,294.00674247133173,52.87021599709889,0.041918287590212135,3.249695845480915,0.1662351931074165,27.387125932658808,0.10871911498225842,0.8699944513657699,0.01450016532952366,0.08892952275502386,0
744.3750059626577,315.6564607064478,54.778586693149194,0.01682036557665182,3.0446328742348236,0.4401552231097702,17.713584357689825,0.13075558459123127,0.3088760359412761,0.013795369205902986,0.05816775872092472,0
693.0315477191363,278.762246112326,28.421209815155557,0.08793302156784741,3.510791321678492,0.3511707312878757,17.6442249076458,0.0774100023869774,0.36945763727898007,0.02332030532208977,0.3722452951860714,0
124.38639325313514,183.89680309346926,63.20172729326648,0.055704051327503515,1.8762597242044148,0.2516384692773844,40.750567228846414,0.1294444566795711,0.9819372792169024,0.024942651441563227,0.7206644545078623,0
299.7749457396545,304.25989678655725,26.752230797801314,0.023138063637684805,4.137588494211894,0.26955508787568583,20.623503932294398,0.008953677737697374,0.8091405911741744,0.018572002892915145,0.554806758273948,1
307.96731692926426,359.9983859225408,39.84082291604744,0.050242728716637645,1.1000295396632256,0.14191541057137838,40.68933576636892,0.010809525469945314,0.8005721422253177,0.03340486643708499,0.42287646846677884,0
704.7034692388555,442.99531213736344,86.95271814579417,0.07314863597031158,2.3982996628389546,0.3320611835291798,18.235492430663975,0.09144608392390888,0.3557361094026166,0.027716563921678546,0.5657515642245824,0
117.73948397892774,336.33110929066163,28.63682282897697,0.09581180089194338,4.024599735553009,0.21143412974429987,22.867454748052374,0.109924460221207,0.9879366652855465,0.011367023561643496,0.3654514846532736,0
193.69772378611646,392.5046916694211,16.404245665608954,0.022044600424541896,0.9827773738898343,0.49804032950345717,28.619478897587975,0.1775635280671638,0.9165183608007909,0.022786082490212026,0.9361463354321129,0
819.9244768358705,122.03223572955785,16.21068333515347,0.08861817721293452,0.6383292573298365,0.26608258186784955,47.72783398773803,0.020932126781579255,0.2187398932836353,0.042417316542926825,0.05490489091077433,0
260.69019584890026,257.70086348890544,94.6706068452797,0.09343041141674903,4.43005144167115,0.2686485227853259,47.26925699015298,0.16452958543877788,0.8495219132005343,0.037588061394474744,0.6733914790298352,0
687.4714970666872,54.199228922191985,55.622839416565114,0.09164205445320663,1.7803553475200602,0.30463330433480235,18.274875016891514,0.04200946745841392,0.3759833081123496,0.03899483414319522,0.8912826648277505,0
314.36450294205383,161.00548903473037,46.84708646353165,0.06354143568619099,3.450963612054257,0.46254020140343605,24.328761649722914,0.07881672970200637,0.7938576436247441,0.037924676963340946,0.8038847087352534,0
189.49725348341065,376.9077718008522,82.97907229071266,0.06298206544347078,0.22420816089329856,0.4103681449368876,15.975975538150893,0.06332048696548258,0.9206099894861076,0.022438920855321332,0.18404103482144674,1
318.85497189950866,496.3144781072136,85.22433351194644,0.04032106331838228,3.4812297532063035,0.2530085314090286,30.399403172539884,0.0800310545730798,0.7891323047483494,0.013986556883071035,0.29592634898028836,0
750.0402386700932,94.63014481424716,39.89719298040441,0.0752397882303788,1.6488964265801558,0.3734146696877582,28.42330202778666,0.03009909961451711,0.30215696939764425,0.020898687361323838,0.7170479387071047,1
870.1268212956571,230.6724421375797,72.42562517264157,0.053129401835093196,0.37313018257846453,0.31380597445134273,46.03040649802929,0.100714014880711,0.15823841158691698,0.043271412007406376,0.08427055918076554,0
847.1978781102924,410.0319359146218,79.40105342666979,0.06774380712282944,3.0880825315857736,0.271565171915562,47.200215111642905,0.16032851796627345,0.18592886363320082,0.04921883191132285,0.811861699832584,1
457.46517665660934,141.81603558300446,68.91856181793591,0.04284579038487955,1.279938698758549,0.13654209775295773,25.342695640291684,0.0883068020757794,0.6389900570075246,0.029753880589662454,0.7189069446047903,0
701.2766229135816,299.78822718602885,23.643556732008943,0.07314964640431391,1.9953554860542122,0.2587713185547009,29.66951772075958,0.09812271517963983,0.35976785915642706,0.010388014196921688,0.7296066492353426,0
284.48586587423887,379.88208321335367,88.82947751653514,0.08244715176045492,0.4948459802039167,0.1606183641601586,45.849449965845324,0.16975351705626285,0.8250375172415718,0.015601792485369161,0.10024137026759139,0
363.83295723491193,327.19345261708054,58.51850974624078,0.014643625660281613,0.8210999303652321,0.4616789674332446,42.26831230980246,0.14121162292760617,0.7412799568349431,0.02288322301265063,0.7177605448162309,0
906.7022366690078,134.61113057693726,35.422518373300335,0.08329297155742281,1.5600884539296347,0.20093306607335615,10.146252453785971,0.09809088170395695,0.11387383872130008,0.03314341394371799,0.67981812521997,0
111.70173115966243,209.92305590858274,48.27053668939245,0.054029653179030725,0.53982155274477,0.47851880654001755,22.8023825673433,0.05153912963783594,0.9933356538043293,0.01300374583221256,0.8309224908218505,0
176.95767776902127,402.70630301842874,13.381398135901664,0.08446659090902243,4.5630486969629445,0.28987488054262006,26.870969677445036,0.17698534936899335,0.9327370781156749,0.04773429194839527,0.0415959562564695,0
287.0976296314246,299.4019313594075,21.50801211001758,0.04313017063410146,0.12963051160149425,0.33419497040427215,19.18865134732927,0.11540408033811167,0.8223307947131692,0.02460334693137603,0.023110668467792195,0
123.87898348643775,52.35332609431073,78.89920754642748,0.03790404853830351,2.470915072435126,0.2943232000201975,17.98286463583755,0.04422952202213868,0.9823972469710771,0.04650336871699293,0.37300709987856073,0
263.2918915808176,392.44584201264223,10.001047127982952,0.09150607325172225,0.703912544849502,0.1082212776350154,11.511380263827187,0.053823950527602075,0.8468608528664403,0.04122087211028087,0.14878828384915288,1
624.737404872723,65.89010972310759,47.490924563406296,0.025116926754840133,1.607627538441948,0.21911954855357346,35.73478900279042,0.16062661778724918,0.449113163766511,0.040217490900623244,0.5583844775702219,0
479.28209553324814,385.58020222905446,57.02591629770296,0.08442123252861432,4.637691843109501,0.09461575052493076,20.500411619326627,0.008829112417491092,0.6147019187259009,0.03426878319128928,0.9173489015067489,0
903.4045399692774,141.11625207435685,14.917097800087507,0.04840205725094041,0.8923033110425356,0.3303293198825218,12.093887137252523,0.19841843740576404,0.11788338261278974,0.035071352682073786,0.39147973033401573,0
835.6992055645968,481.1330660537211,97.57703466750996,0.05140954425512598,4.832578366619829,0.2510933878401975,19.239172421122547,0.026070335942958357,0.19977917140075008,0.035520129408649924,0.8449503772726041,0
407.63561652808835,215.57333808593802,30.351279812470473,0.030846828148948402,1.1083924472481665,0.4000932372069216,42.07655811344506,0.15921370507938748,0.6938428555573675,0.03514885548102328,0.00024087451786647396,0
333.4810900881632,197.1192273521356,37.37788476726528,0.05730422006190157,3.7336739314874654,0.14921171644971643,44.059567265861865,0.07895506335433658,0.7736736108393667,0.03214912925593445,0.1685146434591842,1
441.7231673505402,116.9996226496001,37.35482610295246,0.03252111962762113,2.7787185979968276,0.12405472629320072,29.322649807732105,0.09844323665749338,0.6564149607557799,0.04945656073931556,0.03042353965408562,0
631.265448263327,187.52189697059669,30.73749959056149,0.003926941424165231,4.43394576522412,0.23284950393369552,26.642826816347448,0.17613011549291557,0.4415474672706384,0.03929162269702784,0.32814718051506864,0
341.2572767405886,444.49284282269025,10.132643987768027,0.027199860534435606,2.814566951965342,0.4669634224482715,49.11414774007127,0.08258223791784265,0.7654138121118262,0.04107785553570085,0.9081895956965028,0
661.7340170642207,498.3504519322613,75.64103146791967,0.0006379043406590679,2.7193401738659126,0.36968981675558527,18.022586383522796,0.1074987507346469,0.4060985045552349,0.04489851260334697,0.09695212359898775,0
468.47048697211636,215.73928872808176,97.01609498193568,0.09783547870568567,1.0577442018051595,0.2385156311568134,18.61437131418434,0.00985993248183399,0.6267579465260043,0.018625590509033965,0.6064097767438004,1
596.8424627667822,251.87478392954415,30.186413495654055,0.09657472098197475,0.9145238740531277,0.28277247638943975,21.67468708145599,0.00046949477349063075,0.4813210254835939,0.013352166363802431,0.4514959391194442,1
492.51387622178504,374.93192219123165,69.67424726230801,0.03951552974723051,4.5907968404660195,0.08789585502969426,16.910292731243494,0.04895997460034518,0.5998955559351598,0.029315777463943947,0.9384682123658125,0
365.0191835877259,448.7881012092835,76.77066942628436,0.0728370854339646,1.7064071743651672,0.4930591533692509,25.174623928167463,0.13611661858375346,0.7400057030393263,0.03056322782477093,0.12251914253709384,0
953.607976265941,316.86995038405286,86.35828411814722,0.0345806098410425,1.9232030493181902,0.3498832871127135,46.43336907959015,0.02425297867182734,0.05664388222133865,0.04316727119799671,0.21202785050222894,0
787.2452147437847,226.1865641800232,48.03662773122482,0.06710931570859761,3.8231359262991034,0.17843183080854014,34.61391362514297,0.022752391760909887,0.2578678987903995,0.02775134317129343,0.029541968611493274,0
226.10185818980727,235.6798283818807,37.26378150763863,0.08054300430459792,1.7602350638717563,0.31361377739685997,26.477861944490545,0.08219212160718066,0.884498431631561,0.03283412102177251,0.43393524963137375,0
881.6211783081216,363.0281659235631,39.2765620620728,0.09467562446922408,4.765105988531113,0.0992670647310473,47.37643178284859,0.1295674077216453,0.14432153042599938,0.03108283754053833,0.2778328995646543,1
538.6880784245623,51.448218621925406,74.13591997886616,0.040021227584967206,3.715846068094122,0.4846265009634126,11.938569299032892,0.14241439844958612,0.547802175058696,0.011528111350295642,0.8699059338903209,0
905.0970042046823,328.8152018569283,83.51015198550725,0.07832979829560477,3.0274032886097584,0.12865324454751467,18.411047116074457,0.03569013481967496,0.11582581348959375,0.03460859586387656,0.6049408131977551,0
819.8697303525837,209.97185469861083,26.34525709809424,0.02659284506321188,4.416386286669287,0.3416136431248464,32.63554420407036,0.01591762947440849,0.2188056150419383,0.04312173143097009,0.6140907379757017,0
482.6921540223101,407.38879907468794,43.38469073419887,0.09903323037936484,0.3430689509124655,0.16045450814251871,34.622104927727165,0.18807940678910884,0.6108914420805408,0.016300021923032156,0.5319106968813024,1
120.22237748810565,91.84578792040946,91.17461770742351,0.0025769598764351143,1.359607191727123,0.37290262219184106,11.582300262504525,0.05213327651242035,0.9857023138315923,0.03377326935706383,0.091850337229201,0
341.8096234464515,314.69102012677575,82.60241677252652,0.0603528806501121,2.3786780376824592,0.39956961525812645,26.121550316285287,0.17066929952174478,0.7648260571147918,0.033744421777856574,0.44501868372535525,1
587.4707931947803,266.4378004487557,98.63725624862282,0.06595059816513271,1.2121948434104532,0.35303887801014466,35.96615859323491,0.17269829009256366,0.4920965745549152,0.01656739856225435,0.9995051897085165,0
670.1303978435326,339.0464866573523,77.88234337138726,0.06880455570741288,3.7451354177805447,0.32652475711483664,37.92282185613607,0.1545045183525089,0.396290817248071,0.01493854294922944,0.8352292908460148,0
332.09891688988205,79.18411751733575,45.38756809251301,0.012038757878908901,4.604119352163253,0.45161109227840524,35.52559610065077,0.03376672133051402,0.775138806560961,0.04920207771905939,0.8934590541671159,1
225.4204666655417,310.99270434265907,63.1574050595174,0.09385297834731304,2.176473587661525,0.08538201994539113,22.82252897443698,0.16436029185084008,0.8851795792108856,0.0257487667861215,0.8232263592464995,1
851.4372131193692,302.66806458178564,69.49128288225883,0.01811832790500828,1.7764497405482855,0.19891164460108784,13.74080494391638,0.15385011184831734,0.1808163775373307,0.01909686914894117,0.10304169343098268,0
985.9619626331969,302.29704248727694,17.061023468541155,0.06227534032398411,4.811598587474075,0.1617293658338807,27.084497856773364,0.11934459802124342,0.016958093821891174,0.016852981778175,0.22744825406479963,0
573.1211640724173,321.5694499684047,59.00472631934786,0.022267607912308498,2.2797769208549505,0.4946062829294397,15.150177494722218,0.06744040703379055,0.5085505387736012,0.0367040685433294,0.003121651356409627,1
254.51135726347314,354.410571751863,73.83887456253487,0.03072164170212709,2.496337162201488,0.22522540085009307,47.90494634082668,0.05250172085330882,0.855825459291762,0.03437781189309115,0.30351012487811146,0
345.07659386743205,412.2450498563464,25.058917360095435,0.05464585417281244,1.8230843744753364,0.37967571465817945,29.00683464090513,0.024377842416071795,0.7613468221730215,0.0357420849194967,0.10860740234649258,0
116.55160889272005,171.41932405769646,80.25685456830014,0.04171934185645765,4.556787517759478,0.35812632374645204,22.690366974274703,0.10195141338017429,0.9890027588731218,0.01352024110045809,0.472793345301583,1
922.8689259044492,421.27223458102793,62.539550246270046,0.01602256009765063,2.887881868081069,0.14543655686482,40.652162844756006,0.1170521751019693,0.09419048165915256,0.04574138333993748,0.6771274885739019,0
205.975974601127,274.21505701855415,95.69996071278352,0.017093640242084828,3.834655477190059,0.1575489560951981,29.917943703290554,0.07186779810315745,0.9044780210935779,0.02557065587236193,0.8745052950380771,0
618.8648279628283,84.67622561044902,13.818006838620253,0.04181447881627997,4.077852919919343,0.17657805359886536,22.401360960498003,0.09507181353617372,0.45591013244476486,0.02253477625721432,0.7492171650908982,0
346.6496986184854,76.34791815979064,33.87935237999203,0.07572829782755008,1.7750603053945653,0.23500727521672066,42.47870969563207,0.07270289147385334,0.7596697874801444,0.02849445788990957,0.9385855957785052,0
598.7602022642141,200.40724341322735,64.13984913698417,0.08979646468477887,2.2251022234698623,0.15544627954273707,44.68608604004488,0.12820121146414026,0.47911317172524304,0.02560264262990513,0.053898290393788795,0
686.2783495166778,403.2036397001604,36.69039209853376,0.008412766225938284,4.257511694590697,0.05884316723608152,36.92032665154708,0.18025184155931268,0.37738276028349615,0.044543080125565834,0.01217983541654144,0
846.7676233364815,368.4564206334121,74.2981747664118,0.03931039075594011,1.8799512232114703,0.445726875563238,11.878576896306692,0.032784052409388975,0.18644755110374112,0.047170439007915684,0.6613381138362127,0
285.7791445845429,404.8767341025829,78.3104754269738,0.010024556372287663,3.990282153914072,0.48452442412139785,32.652915206661284,0.0762817619806247,0.8236976819313937,0.02213812865798425,0.2893524102222462,0
109.89624579263243,282.7710753987242,19.2264367659827,0.0016592480632597884,4.710862380614742,0.20370667416420557,40.53179647989126,0.028173720790172264,0.9949403781363683,0.044557432298398196,0.25350101610577314,0
223.19706706192653,248.08954907997074,56.24690177860909,0.06617186826439567,3.1537308280332343,0.20232809574146282,15.460120483343287,0.1249887540815664,0.8873999469346092,0.04126092518132269,0.33088708769379427,0
910.0167776632945,116.35363701782778,55.80015000319503,0.06024494419665878,3.733973708514256,0.053191315748466944,19.146830055384136,0.14577410189771917,0.10984193249042062,0.047232306893790474,0.26979605789236416,1
886.5010698062637,197.6867391241902,43.2352693193987,0.01630191138148862,4.044976829001561,0.3561128097486683,45.299804202725454,0.18638254651949118,0.1384060897171593,0.019830012487435513,0.5114364063015873,0
637.6717919532774,245.30871477824388,93.96323763127049,0.023381283309306413,4.240694279593548,0.42144795308688293,10.804868874122961,0.055774385252192984,0.43411259400305335,0.03307836600483916,0.4401484472241325,1
640.465174390288,89.87019335582775,84.47556878858991,0.0023707753644518384,2.0357613554983005,0.11597373516200143,40.10908551303904,0.19004224117308605,0.4308675941480473,0.020981783389617786,0.5124285513766563,0
698.5330070916299,149.27537872004507,72.7488443718673,0.08349472056944038,0.3511909499623911,0.12184985721521784,28.950931700576916,0.01265253436413496,0.3629938962529593,0.04296377961937497,0.6727136115004362,1
257.83415076110464,319.2013823286825,74.28939721614978,0.09746905960485515,2.0691937290600237,0.405537462487147,27.870886353584275,0.12060277267291764,0.8524384694282736,0.01021296762284257,0.3871305089711483,0
922.9707513324638,381.0484014076354,51.55445294318072,0.013545953679469081,3.40140552594204,0.3273308367593651,10.283861299795486,0.011426543868665996,0.09406636602292962,0.03259276651545585,0.2513076871421568,0
476.8934724028658,499.2563801268273,92.88950689869183,0.02314752137652981,2.306716890325885,0.07018725093247266,42.775929238659714,0.17875483755238897,0.617368771840634,0.023568137250876718,0.16620053680874547,1
444.8246754245477,469.90099910460094,72.51358845279569,0.08684095239469342,3.769919439215953,0.33014614570802675,24.392996025462658,0.10596181141401083,0.6529887008437221,0.022907348283112812,0.3494741195326255,1
567.0259347545538,339.1543397908362,75.60829554902348,0.09264637979561849,1.8492139043964533,0.18901297527969474,31.630625252021716,0.1338696701525592,0.5155227678424353,0.03579625295459668,0.741806475246172,0
142.26937009754954,239.5616239823324,87.55218134086107,0.04196273828068103,3.210246291409745,0.21592631996188066,37.092027453426375,0.16631478518209053,0.9655294224234376,0.04405937797255976,0.7567049101114696,1
249.65503188047145,336.27981411870473,34.66644304079719,0.005062247226907413,1.0134570437844754,0.3963791382335961,38.10518305751663,0.030062124496793755,0.8607634326089918,0.03436781565573305,0.6669053866842103,0
764.2302547837334,403.5432281361044,82.63638134800327,0.00393918336928194,3.7719102395602895,0.41492083670267477,48.23920235304289,0.007718312387626769,0.28529822043884445,0.0441269191458689,0.2340281753068746,1
174.51880113261382,103.25128591552429,27.571654266084284,0.057394986606901045,2.773910247183827,0.23016048207792378,31.253598129464365,0.17577622918257044,0.9350799500802682,0.020583884475241197,0.5880862458546977,0
642.8368985197494,234.45720036332972,41.0807757020399,0.039289510889317904,1.099915503878343,0.47621882120285963,25.988782038977103,0.0629866454917865,0.4281109342374454,0.030780074190599242,0.570689661576848,0
320.81419871318883,427.91102853602774,40.20494088428585,0.0028652427577654516,1.5303647501392559,0.2329082230784325,48.148145059668316,0.025795781585433053,0.787067508462558,0.028021461562683044,0.4842661981097255,0
450.36605263777886,222.7248283698698,98.06729215502266,0.05832523923125568,3.768182672050979,0.39732621585354944,35.684409401020844,0.09369224741741732,0.6468587307660353,0.010465795980123848,0.5499789863838642,0
359.82436309362987,307.34252205223396,87.08835013731341,0.0011302536589022471,2.4647460547414517,0.2677447690539166,21.926014251062224,0.11966121513920376,0.7455815526818608,0.03227248572562961,0.49179063262366807,1
420.1054448184542,314.4962123879892,73.10528754312338,0.0787371958149273,1.158554057926054,0.4538895469349378,15.058569816142846,0.006194120684502025,0.6802006846098012,0.036460972965846994,0.5654563660741082,0
747.1413146658209,133.01431391013773,75.4351085453851,0.03064328227033716,4.8396288328144585,0.4584925596425804,43.702180058607254,0.054979131651417545,0.3055959803708401,0.033676576176762806,0.7155059546211288,0
367.4095440608575,213.00594874352979,60.586551496231394,0.00402580030092321,3.604112597102751,0.08933756354198774,24.487264111766063,0.006559974855379203,0.7374361371698697,0.03945119595133686,0.10962819440343974,0
609.7641762672074,200.53007993386947,95.23816003976671,0.058835222098315335,4.789960679445001,0.4714219990896016,36.418788854577244,0.0840670778390998,0.4664261272716371,0.03285358113812308,0.7496257521490237,0
528.4453619791897,61.78851883942916,54.66328775941254,0.03976844144330547,2.192814722265682,0.42149067868418705,28.832656774635925,0.17902000581324887,0.5594130682232501,0.012670010194030277,0.1358861501275942,0
697.3040488263833,60.88629375110986,44.246593888290505,0.09738004133571496,2.4279916693894306,0.4060898214407001,17.957191191801535,0.19653048229871384,0.3644384035329056,0.014657820963388458,0.0666279984103747,0
943.1467653922822,424.26366965409807,24.67318032384319,0.05441986625037022,4.499980559306594,0.1404101028584851,34.0674643448186,0.1274095107007255,0.06943943365433514,0.0338589831017581,0.9760796862214676,1
759.3148874892253,172.8818644877656,80.75850870349522,0.02752391810370083,2.672741767202385,0.41230364393959923,12.427322758027293,0.032327538756918364,0.2911427102351869,0.020999167678945607,0.9569917688704415,0
293.44634073168106,283.1354448074669,76.09995388680323,0.07094388646339748,3.5656666683377694,0.4325597306082666,26.53369839484769,0.18116987799986117,0.815735894805039,0.013185805161390634,0.06043654494056405,0
128.06482155515621,184.42650811494786,44.59195346717214,0.027149200254271134,1.335647099728097,0.18011765050436795,31.864597586546843,0.1032495646400121,0.9785932208474004,0.027184109737941872,0.44325344147496215,1
336.03763986984256,473.30566030190323,12.267407256330642,0.09042432914075652,2.288959696642939,0.4785170352630457,27.44187896474316,0.03074986242058362,0.7709611493978538,0.032172903923346215,0.18624493829977473,0
635.5701376302294,166.68354148959818,85.50975949462097,0.03747219705073764,0.7049043424707401,0.07243706587962392,39.94688701003963,0.18434533389033228,0.43655277558691474,0.023149839533984265,0.4853448971344181,1
146.2832321358253,243.34556573252078,11.027618510866628,0.054986856277620524,1.1093021757971124,0.11745916396121285,43.1169981818125,0.1514938101446206,0.9617968770043196,0.03881734808903112,0.8301772429995874,1
546.7296224811128,442.72861271807085,73.33298016661459,0.0050573103824228865,0.10462273481139234,0.29191151212318145,40.84972296132712,0.1463410545446303,0.5386651953994025,0.03575082432404979,0.9506117747428903,0
637.1585640252002,428.8701050563139,97.32313987534513,0.042612123795223084,0.29239875307843516,0.30910661200503936,11.552517912472084,0.14183614075888093,0.4347085905989383,0.02331273444366688,0.6342526534515374,0
400.81950173526474,133.7456380308248,49.38951953333831,0.0832363539660995,4.888690733566953,0.34031753748540655,17.765150817838887,0.04006796421928847,0.701274787566381,0.04019490115634242,0.35390566721181704,0
793.8209833712398,411.1894894080697,31.14760644963575,0.0805648805363342,1.2875331061701354,0.05763610819195991,31.464300370550973,0.04220133834150522,0.25001120494247386,0.03594780170132142,0.6033255656445984,0
195.93842782039462,256.1840990320517,73.43839090390435,0.022431855885352625,3.35022247656961,0.4821650485799586,47.39288161775205,0.137658599685451,0.9143298959673052,0.03549781514871608,0.31200130610845034,1
167.62400356222787,267.33599243840985,83.54153278140267,0.02260790710105627,4.211588524118096,0.07006464173036481,43.39827100208468,0.04394455002207938,0.9416743776241272,0.032137108031482724,0.9098236408320604,0
755.369880583243,110.0659875871747,59.17872844700626,0.08173053122132368,2.798236250259165,0.11437787872553108,43.70138033407207,0.08773433936060977,0.29582983551989306,0.010455586723542113,0.870400463105837,0
545.9421845855786,86.27068119070609,97.03317477305316,0.09303984201693255,0.8504080504113853,0.056306532886725644,22.128327750386994,0.1564003651187883,0.5395607175812673,0.037860287339075566,0.558231750279661,0
719.5621567849624,377.57268813819434,14.650184949216499,0.009536092127300356,3.6677705429472156,0.30508629498234263,27.177915883148103,0.1567905036195682,0.33822472293819383,0.02504167164436626,0.32479891538036054,0
491.34460474337163,273.4075185598849,55.43160384740753,0.04500586394262253,3.041231909487957,0.4695200977644375,28.828237892637496,0.09065235450517194,0.6012062224833528,0.04770438840634623,0.29338967558297835,0
321.76182991519613,246.5828161768308,74.6608552590295,0.033745427896422896,3.6831278878021383,0.3496762247362089,16.294863333996418,0.15843798765504902,0.786068146587821,0.04271939084308821,0.03341799470505946,1
837.1920859067798,378.27870289357855,87.63764240342611,0.08706884554574394,3.8717584519997277,0.4201958608161923,11.242725209778254,0.16772435923961138,0.1979823612104542,0.03350777878125249,0.8158208510252952,0
819.4742910720813,394.4808045459994,26.133005071701103,0.008352491468001877,4.879510801655251,0.05597654155636104,47.87611597842067,0.13095515025685206,0.21928031291443673,0.020087279272770778,0.45038321303900797,0
725.2268237689841,121.5086754512091,82.00031335873133,0.02111259425580374,2.910460072130879,0.29390688431587675,19.62850342654027,0.045685170461684035,0.3315361176228935,0.018148695731106664,0.3251329284002644,0
344.9306235069664,324.6013172649386,59.743636814669074,0.07524683375864943,1.7740414521839492,0.2568033398774849,19.59795614894525,0.05480235607710951,0.7615023797822892,0.023615393507101963,0.4711103549977539,1
631.2076001821783,110.90933702495849,45.68983137909669,0.005129384898121559,3.277476328811162,0.27453557489935687,13.335162150750381,0.06296823108174708,0.4416145568128925,0.02906271774320074,0.818737990454652,0
424.8765072460241,388.11878871307056,21.854352572118422,0.04925353807142893,0.4353594752888681,0.08249593340083458,47.14031007775114,0.0233608215467904,0.6749657339028619,0.021842620401557884,0.12461420770752119,1
182.42386599397074,345.6298203202128,87.87661830180211,0.044210703467972005,4.497246859775773,0.35799591248118834,33.18948459759088,0.05463192407398903,0.9274671564083332,0.03059717981569931,0.8576559882418273,0
925.5822179160185,480.4765794875561,24.154588736174382,0.03344011789887487,0.6849669555571642,0.2764491866863855,36.681474285014154,0.04190384486250642,0.09088263625877813,0.016614817020527438,0.897508835108354,1
223.13676782706526,81.03110736038953,37.880907328818935,0.03945723153189238,1.7064299056405097,0.3943169824375688,46.4630754905221,0.09106574996172044,0.8874601160613105,0.04910851251302,0.9467079150338882,0
955.2136184387222,75.67462451806445,36.10409787661932,0.052994058693023295,4.097152365067992,0.26838078532777193,23.82480675603158,0.181687509574453,0.05467836621252098,0.014316982198599755,0.3974879924226278,0
501.40519566216017,176.98418361194007,88.42726307717689,0.016136735838838314,3.0268306538204883,0.11722173630189445,34.86029244552336,0.020896063350791617,0.5899149787634228,0.047277765586174886,0.21714040403767187,0
